<?xml version="1.0"?>
<opencv_storage>
<stage12>
  <maxWeakCount>27</maxWeakCount>
  <stageThreshold>-1.3966121673583984e+00</stageThreshold>
  <weakClassifiers>
    <_>
      <internalNodes>
        0 -1 2391270 -1.2905038602184504e-04</internalNodes>
      <leafValues>
        7.7586203813552856e-02 -5.5143541097640991e-01</leafValues></_>
    <_>
      <internalNodes>
        0 -1 4420 -9.2664646217599511e-05</internalNodes>
      <leafValues>
        3.9405831694602966e-01 -1.7666073143482208e-01</leafValues></_>
    <_>
      <internalNodes>
        0 -1 9 1.9676031661219895e-04</internalNodes>
      <leafValues>
        -1.2349878996610641e-01 4.1193372011184692e-01</leafValues></_>
    <_>
      <internalNodes>
        0 -1 1702654 8.6686311988160014e-05</internalNodes>
      <leafValues>
        -1.2104500830173492e-01 4.0147480368614197e-01</leafValues></_>
    <_>
      <internalNodes>
        0 -1 1640233 -1.4676702267024666e-04</internalNodes>
      <leafValues>
        3.7424755096435547e-01 -1.3495431840419769e-01</leafValues></_>
    <_>
      <internalNodes>
        0 -1 895233 -8.4080209489911795e-05</internalNodes>
      <leafValues>
        3.0141183733940125e-01 -1.3053461909294128e-01</leafValues></_>
    <_>
      <internalNodes>
        0 -1 2560732 7.1904403739608824e-05</internalNodes>
      <leafValues>
        -1.1985389888286591e-01 3.4705594182014465e-01</leafValues></_>
    <_>
      <internalNodes>
        0 -1 2568777 -1.3194783241488039e-04</internalNodes>
      <leafValues>
        3.1417509913444519e-01 -1.2386147677898407e-01</leafValues></_>
    <_>
      <internalNodes>
        0 -1 1868535 6.4992986153811216e-05</internalNodes>
      <leafValues>
        -1.1871425062417984e-01 3.1397542357444763e-01</leafValues></_>
    <_>
      <internalNodes>
        0 -1 869589 1.2077575229341164e-04</internalNodes>
      <leafValues>
        -1.3000097870826721e-01 2.9121351242065430e-01</leafValues></_>
    <_>
      <internalNodes>
        0 -1 77293 -1.1253597587347031e-01</internalNodes>
      <leafValues>
        -6.1804431676864624e-01 1.0110195726156235e-01</leafValues></_>
    <_>
      <internalNodes>
        0 -1 1517476 2.0164869725704193e-02</internalNodes>
      <leafValues>
        -7.3935464024543762e-02 4.7709310054779053e-01</leafValues></_>
    <_>
      <internalNodes>
        0 -1 1574921 -2.0535172894597054e-02</internalNodes>
      <leafValues>
        2.2421380877494812e-01 -1.5895619988441467e-01</leafValues></_>
    <_>
      <internalNodes>
        0 -1 2335846 3.5472370684146881e-02</internalNodes>
      <leafValues>
        -6.3307285308837891e-02 6.3450354337692261e-01</leafValues></_>
    <_>
      <internalNodes>
        0 -1 367194 -2.3790323734283447e-01</internalNodes>
      <leafValues>
        -7.3946946859359741e-01 5.9421777725219727e-02</leafValues></_>
    <_>
      <internalNodes>
        0 -1 114641 6.3268437981605530e-02</internalNodes>
      <leafValues>
        -1.2455068528652191e-01 3.8442325592041016e-01</leafValues></_>
    <_>
      <internalNodes>
        0 -1 1115874 3.2486515119671822e-03</internalNodes>
      <leafValues>
        -7.9869382083415985e-02 4.2440089583396912e-01</leafValues></_>
    <_>
      <internalNodes>
        0 -1 2497992 -1.1214656115043908e-04</internalNodes>
      <leafValues>
        3.1731674075126648e-01 -1.1629418283700943e-01</leafValues></_>
    <_>
      <internalNodes>
        0 -1 668921 9.9736673291772604e-05</internalNodes>
      <leafValues>
        -9.8370417952537537e-02 3.8238051533699036e-01</leafValues></_>
    <_>
      <internalNodes>
        0 -1 1663325 -5.7219779118895531e-03</internalNodes>
      <leafValues>
        -8.8373339176177979e-01 4.3015249073505402e-02</leafValues></_>
    <_>
      <internalNodes>
        0 -1 2441979 -4.4993666233494878e-04</internalNodes>
      <leafValues>
        1.9369159638881683e-01 -1.8062750995159149e-01</leafValues></_>
    <_>
      <internalNodes>
        0 -1 1277368 -8.3689461462199688e-05</internalNodes>
      <leafValues>
        2.5166076421737671e-01 -1.4248904585838318e-01</leafValues></_>
    <_>
      <internalNodes>
        0 -1 655759 -8.5038249380886555e-04</internalNodes>
      <leafValues>
        2.0363752543926239e-01 -1.7716465890407562e-01</leafValues></_>
    <_>
      <internalNodes>
        0 -1 2164056 5.0503815145930275e-05</internalNodes>
      <leafValues>
        -1.2601627409458160e-01 3.0049616098403931e-01</leafValues></_>
    <_>
      <internalNodes>
        0 -1 2412189 -5.6559082120656967e-02</internalNodes>
      <leafValues>
        4.9559604376554489e-02 -7.4787294864654541e-01</leafValues></_>
    <_>
      <internalNodes>
        0 -1 497432 -6.8455333821475506e-03</internalNodes>
      <leafValues>
        -8.7898290157318115e-01 3.0062524601817131e-02</leafValues></_>
    <_>
      <internalNodes>
        0 -1 97397 6.7102046159561723e-05</internalNodes>
      <leafValues>
        -1.7953497171401978e-01 2.0410279929637909e-01</leafValues></_></weakClassifiers></stage12>
</opencv_storage>
