<?xml version="1.0"?>
<opencv_storage>
<stage1>
  <maxWeakCount>14</maxWeakCount>
  <stageThreshold>-1.5068529844284058e+00</stageThreshold>
  <weakClassifiers>
    <_>
      <internalNodes>
        0 -1 2465664 1.5215879306197166e-02</internalNodes>
      <leafValues>
        -5.9745222330093384e-01 1.0179640352725983e-01</leafValues></_>
    <_>
      <internalNodes>
        0 -1 201610 -4.3950177729129791e-02</internalNodes>
      <leafValues>
        5.3402531892061234e-02 -8.4579521417617798e-01</leafValues></_>
    <_>
      <internalNodes>
        0 -1 4415 4.0459442138671875e-01</internalNodes>
      <leafValues>
        1.1757556349039078e-01 -9.2755305767059326e-01</leafValues></_>
    <_>
      <internalNodes>
        0 -1 2179842 4.5796977356076241e-03</internalNodes>
      <leafValues>
        -2.3861554265022278e-01 3.5979428887367249e-01</leafValues></_>
    <_>
      <internalNodes>
        0 -1 86341 3.5498095676302910e-03</internalNodes>
      <leafValues>
        -1.8808633089065552e-01 3.7460857629776001e-01</leafValues></_>
    <_>
      <internalNodes>
        0 -1 106126 -8.7546810507774353e-02</internalNodes>
      <leafValues>
        -7.3148393630981445e-01 1.2070662528276443e-01</leafValues></_>
    <_>
      <internalNodes>
        0 -1 226338 -1.3881990453228354e-03</internalNodes>
      <leafValues>
        3.5333234071731567e-01 -1.8905314803123474e-01</leafValues></_>
    <_>
      <internalNodes>
        0 -1 2283753 -1.4066064730286598e-02</internalNodes>
      <leafValues>
        1.2292134016752243e-01 -4.8599684238433838e-01</leafValues></_>
    <_>
      <internalNodes>
        0 -1 6299 -1.2490479648113251e-01</internalNodes>
      <leafValues>
        -5.1102757453918457e-01 1.2142276018857956e-01</leafValues></_>
    <_>
      <internalNodes>
        0 -1 1497950 -1.7529933154582977e-01</internalNodes>
      <leafValues>
        -7.3411601781845093e-01 6.3470318913459778e-02</leafValues></_>
    <_>
      <internalNodes>
        0 -1 1081602 -1.9451021216809750e-03</internalNodes>
      <leafValues>
        4.7586581110954285e-01 -1.3294914364814758e-01</leafValues></_>
    <_>
      <internalNodes>
        0 -1 253850 -5.6138765066862106e-03</internalNodes>
      <leafValues>
        4.9781829118728638e-01 -1.1130544543266296e-01</leafValues></_>
    <_>
      <internalNodes>
        0 -1 1897457 -1.2923666834831238e-01</internalNodes>
      <leafValues>
        1.2368515878915787e-01 -5.0566023588180542e-01</leafValues></_>
    <_>
      <internalNodes>
        0 -1 2200648 3.2304513733834028e-03</internalNodes>
      <leafValues>
        -1.4012508094310760e-01 4.2912492156028748e-01</leafValues></_></weakClassifiers></stage1>
</opencv_storage>
