<?xml version="1.0"?>
<opencv_storage>
<stage4>
  <maxWeakCount>21</maxWeakCount>
  <stageThreshold>-1.2374178171157837e+00</stageThreshold>
  <weakClassifiers>
    <_>
      <internalNodes>
        0 -1 2499374 -5.8326149883214384e-05</internalNodes>
      <leafValues>
        -1.7073170840740204e-01 -5.9299778938293457e-01</leafValues></_>
    <_>
      <internalNodes>
        0 -1 2180546 -1.2873814557678998e-04</internalNodes>
      <leafValues>
        2.0983587205410004e-01 -2.3301747441291809e-01</leafValues></_>
    <_>
      <internalNodes>
        0 -1 2570879 -4.0122475184034556e-05</internalNodes>
      <leafValues>
        2.8418588638305664e-01 -1.6810749471187592e-01</leafValues></_>
    <_>
      <internalNodes>
        0 -1 1834849 -1.0158189252251759e-04</internalNodes>
      <leafValues>
        2.8948384523391724e-01 -1.5077871084213257e-01</leafValues></_>
    <_>
      <internalNodes>
        0 -1 18638 -1.4968489296734333e-02</internalNodes>
      <leafValues>
        2.8116115927696228e-01 -1.5990160405635834e-01</leafValues></_>
    <_>
      <internalNodes>
        0 -1 2337994 2.5853437837213278e-03</internalNodes>
      <leafValues>
        -7.1636192500591278e-02 5.6237888336181641e-01</leafValues></_>
    <_>
      <internalNodes>
        0 -1 2317124 -7.3435629019513726e-05</internalNodes>
      <leafValues>
        2.6134571433067322e-01 -1.5316593647003174e-01</leafValues></_>
    <_>
      <internalNodes>
        0 -1 1870955 -6.1178080737590790e-02</internalNodes>
      <leafValues>
        2.1815717220306396e-01 -1.9332550466060638e-01</leafValues></_>
    <_>
      <internalNodes>
        0 -1 2570391 -1.7619162797927856e-02</internalNodes>
      <leafValues>
        -6.5019243955612183e-01 7.1996770799160004e-02</leafValues></_>
    <_>
      <internalNodes>
        0 -1 2192981 -2.3083435371518135e-04</internalNodes>
      <leafValues>
        2.1333999931812286e-01 -2.0913828909397125e-01</leafValues></_>
    <_>
      <internalNodes>
        0 -1 1038372 -8.7861284613609314e-02</internalNodes>
      <leafValues>
        1.2758192420005798e-01 -3.8651400804519653e-01</leafValues></_>
    <_>
      <internalNodes>
        0 -1 67150 -3.7723332643508911e-01</internalNodes>
      <leafValues>
        -2.9723861813545227e-01 1.7582093179225922e-01</leafValues></_>
    <_>
      <internalNodes>
        0 -1 865618 2.2506914101541042e-03</internalNodes>
      <leafValues>
        5.6592710316181183e-02 -6.5973240137100220e-01</leafValues></_>
    <_>
      <internalNodes>
        0 -1 1117338 -2.2924086079001427e-03</internalNodes>
      <leafValues>
        2.1787878870964050e-01 -1.9279353320598602e-01</leafValues></_>
    <_>
      <internalNodes>
        0 -1 2026735 -1.1923576239496469e-03</internalNodes>
      <leafValues>
        2.8766250610351563e-01 -1.4752542972564697e-01</leafValues></_>
    <_>
      <internalNodes>
        0 -1 1201301 1.1876400094479322e-03</internalNodes>
      <leafValues>
        6.7732408642768860e-02 -6.5247076749801636e-01</leafValues></_>
    <_>
      <internalNodes>
        0 -1 1509256 -1.0217571252724156e-04</internalNodes>
      <leafValues>
        2.6008331775665283e-01 -1.6385175287723541e-01</leafValues></_>
    <_>
      <internalNodes>
        0 -1 2020544 1.7746353987604380e-03</internalNodes>
      <leafValues>
        5.5928561836481094e-02 -8.0500036478042603e-01</leafValues></_>
    <_>
      <internalNodes>
        0 -1 1197493 1.2059464352205396e-03</internalNodes>
      <leafValues>
        -1.7242009937763214e-01 2.4250315129756927e-01</leafValues></_>
    <_>
      <internalNodes>
        0 -1 59600 3.2191071659326553e-02</internalNodes>
      <leafValues>
        -8.0179452896118164e-02 4.9883598089218140e-01</leafValues></_>
    <_>
      <internalNodes>
        0 -1 510518 -3.4507483243942261e-02</internalNodes>
      <leafValues>
        5.3953355550765991e-01 -7.2188384830951691e-02</leafValues></_></weakClassifiers></stage4>
</opencv_storage>
