<?xml version="1.0"?>
<opencv_storage>
<stage9>
  <maxWeakCount>34</maxWeakCount>
  <stageThreshold>-1.1386355161666870e+00</stageThreshold>
  <weakClassifiers>
    <_>
      <internalNodes>
        0 -1 2539255 -4.4239414855837822e-03</internalNodes>
      <leafValues>
        5.8139532804489136e-01 -4.9919399619102478e-01</leafValues></_>
    <_>
      <internalNodes>
        0 -1 1908836 5.3020019549876451e-04</internalNodes>
      <leafValues>
        -8.4632011130452156e-03 -6.4136958122253418e-01</leafValues></_>
    <_>
      <internalNodes>
        0 -1 2564468 -5.9907347895205021e-04</internalNodes>
      <leafValues>
        2.1049770712852478e-01 -1.4666478335857391e-01</leafValues></_>
    <_>
      <internalNodes>
        0 -1 2305441 4.2016915977001190e-03</internalNodes>
      <leafValues>
        -3.6846257746219635e-02 7.0042800903320313e-01</leafValues></_>
    <_>
      <internalNodes>
        0 -1 2521451 4.3991729617118835e-03</internalNodes>
      <leafValues>
        3.8551524281501770e-02 -8.2924175262451172e-01</leafValues></_>
    <_>
      <internalNodes>
        0 -1 2472365 -1.5940677374601364e-02</internalNodes>
      <leafValues>
        -6.5369319915771484e-01 5.4452393203973770e-02</leafValues></_>
    <_>
      <internalNodes>
        0 -1 269 -3.3556311391294003e-03</internalNodes>
      <leafValues>
        1.1334891617298126e-01 -2.2685420513153076e-01</leafValues></_>
    <_>
      <internalNodes>
        0 -1 2563544 1.2474739924073219e-04</internalNodes>
      <leafValues>
        -1.2774096429347992e-01 2.0762506127357483e-01</leafValues></_>
    <_>
      <internalNodes>
        0 -1 1297855 -1.6933660209178925e-01</internalNodes>
      <leafValues>
        5.6579530239105225e-01 -5.4760560393333435e-02</leafValues></_>
    <_>
      <internalNodes>
        0 -1 127570 5.3458707407116890e-03</internalNodes>
      <leafValues>
        -1.3136285543441772e-01 2.2923301160335541e-01</leafValues></_>
    <_>
      <internalNodes>
        0 -1 872315 -5.4762795567512512e-02</internalNodes>
      <leafValues>
        -4.4901022315025330e-01 5.6527264416217804e-02</leafValues></_>
    <_>
      <internalNodes>
        0 -1 1200429 6.1144598294049501e-04</internalNodes>
      <leafValues>
        5.3769614547491074e-02 -6.4134848117828369e-01</leafValues></_>
    <_>
      <internalNodes>
        0 -1 2318733 -1.4603015733882785e-03</internalNodes>
      <leafValues>
        2.8867283463478088e-01 -1.0038670152425766e-01</leafValues></_>
    <_>
      <internalNodes>
        0 -1 2124755 2.6928504928946495e-02</internalNodes>
      <leafValues>
        -4.0586117655038834e-02 7.0480364561080933e-01</leafValues></_>
    <_>
      <internalNodes>
        0 -1 65305 -2.3474497720599174e-03</internalNodes>
      <leafValues>
        2.6718795299530029e-01 -1.0313627868890762e-01</leafValues></_>
    <_>
      <internalNodes>
        0 -1 161008 6.0970056802034378e-03</internalNodes>
      <leafValues>
        -1.1768009513616562e-01 2.3469729721546173e-01</leafValues></_>
    <_>
      <internalNodes>
        0 -1 2513364 2.3078471422195435e-03</internalNodes>
      <leafValues>
        5.5647831410169601e-02 -5.0043469667434692e-01</leafValues></_>
    <_>
      <internalNodes>
        0 -1 200414 -7.9104051110334694e-05</internalNodes>
      <leafValues>
        2.7260684967041016e-01 -1.0585327446460724e-01</leafValues></_>
    <_>
      <internalNodes>
        0 -1 2349790 -2.0949901081621647e-03</internalNodes>
      <leafValues>
        3.6609020829200745e-01 -7.8239247202873230e-02</leafValues></_>
    <_>
      <internalNodes>
        0 -1 2241249 -8.1536332145333290e-03</internalNodes>
      <leafValues>
        -7.2669535875320435e-01 4.3227132409811020e-02</leafValues></_>
    <_>
      <internalNodes>
        0 -1 2237324 3.3786823041737080e-03</internalNodes>
      <leafValues>
        -1.1327903717756271e-01 2.8684115409851074e-01</leafValues></_>
    <_>
      <internalNodes>
        0 -1 354926 -8.3594061434268951e-03</internalNodes>
      <leafValues>
        -6.7414522171020508e-01 4.7135673463344574e-02</leafValues></_>
    <_>
      <internalNodes>
        0 -1 2227318 3.2497372012585402e-03</internalNodes>
      <leafValues>
        -6.8635925650596619e-02 4.7587910294532776e-01</leafValues></_>
    <_>
      <internalNodes>
        0 -1 1979410 1.4238947629928589e-01</internalNodes>
      <leafValues>
        3.9675276726484299e-02 -8.3814710378646851e-01</leafValues></_>
    <_>
      <internalNodes>
        0 -1 2073849 2.3083687119651586e-04</internalNodes>
      <leafValues>
        -1.5307393670082092e-01 2.0119641721248627e-01</leafValues></_>
    <_>
      <internalNodes>
        0 -1 2425327 -3.4678285010159016e-04</internalNodes>
      <leafValues>
        2.0786587893962860e-01 -1.5038707852363586e-01</leafValues></_>
    <_>
      <internalNodes>
        0 -1 2406153 -2.9167011380195618e-02</internalNodes>
      <leafValues>
        -1.0084328055381775e-01 3.2750314474105835e-01</leafValues></_>
    <_>
      <internalNodes>
        0 -1 1409775 -8.9442104101181030e-02</internalNodes>
      <leafValues>
        4.6327613294124603e-02 -7.4045658111572266e-01</leafValues></_>
    <_>
      <internalNodes>
        0 -1 964919 5.9029348194599152e-03</internalNodes>
      <leafValues>
        2.3744978010654449e-02 -8.4891796112060547e-01</leafValues></_>
    <_>
      <internalNodes>
        0 -1 319206 3.0559769365936518e-03</internalNodes>
      <leafValues>
        -9.4741463661193848e-02 3.3522215485572815e-01</leafValues></_>
    <_>
      <internalNodes>
        0 -1 104956 -1.0658469982445240e-03</internalNodes>
      <leafValues>
        -4.0953987836837769e-01 7.2835519909858704e-02</leafValues></_>
    <_>
      <internalNodes>
        0 -1 2473585 -1.0417301207780838e-02</internalNodes>
      <leafValues>
        -6.5378375351428986e-02 5.0316613912582397e-01</leafValues></_>
    <_>
      <internalNodes>
        0 -1 961298 -1.5505611896514893e-02</internalNodes>
      <leafValues>
        2.2247210144996643e-01 -1.3412210345268250e-01</leafValues></_>
    <_>
      <internalNodes>
        0 -1 681703 -2.9379714280366898e-02</internalNodes>
      <leafValues>
        -7.0638082921504974e-02 4.6781986951828003e-01</leafValues></_></weakClassifiers></stage9>
</opencv_storage>
