<?xml version="1.0"?>
<opencv_storage>
<stage8>
  <maxWeakCount>33</maxWeakCount>
  <stageThreshold>-1.2746412754058838e+00</stageThreshold>
  <weakClassifiers>
    <_>
      <internalNodes>
        0 -1 2123615 -9.2786140739917755e-03</internalNodes>
      <leafValues>
        6.5384614467620850e-01 -5.0647950172424316e-01</leafValues></_>
    <_>
      <internalNodes>
        0 -1 95881 1.6418226063251495e-02</internalNodes>
      <leafValues>
        -1.0520220547914505e-01 7.2888988256454468e-01</leafValues></_>
    <_>
      <internalNodes>
        0 -1 2529242 -1.1181361041963100e-03</internalNodes>
      <leafValues>
        1.0599546879529953e-01 -3.8159328699111938e-01</leafValues></_>
    <_>
      <internalNodes>
        0 -1 2484157 -4.5534530654549599e-03</internalNodes>
      <leafValues>
        5.9351277351379395e-01 -5.5047135800123215e-02</leafValues></_>
    <_>
      <internalNodes>
        0 -1 2552276 4.5956885442137718e-03</internalNodes>
      <leafValues>
        3.6222856491804123e-02 -8.5691541433334351e-01</leafValues></_>
    <_>
      <internalNodes>
        0 -1 2420239 -6.7617003805935383e-03</internalNodes>
      <leafValues>
        7.6295483112335205e-01 -3.6620151251554489e-02</leafValues></_>
    <_>
      <internalNodes>
        0 -1 660409 -5.7840840891003609e-03</internalNodes>
      <leafValues>
        -6.4742338657379150e-01 5.5998533964157104e-02</leafValues></_>
    <_>
      <internalNodes>
        0 -1 1725317 6.7217682953923941e-05</internalNodes>
      <leafValues>
        -1.0134492069482803e-01 2.9580363631248474e-01</leafValues></_>
    <_>
      <internalNodes>
        0 -1 147285 1.9032487273216248e-01</internalNodes>
      <leafValues>
        -4.7281179577112198e-02 8.5004383325576782e-01</leafValues></_>
    <_>
      <internalNodes>
        0 -1 2488422 1.5975009591784328e-04</internalNodes>
      <leafValues>
        -1.5729080140590668e-01 2.0367039740085602e-01</leafValues></_>
    <_>
      <internalNodes>
        0 -1 670888 5.6073346058838069e-05</internalNodes>
      <leafValues>
        -1.0579551011323929e-01 2.7973192930221558e-01</leafValues></_>
    <_>
      <internalNodes>
        0 -1 2568274 -5.1014469936490059e-03</internalNodes>
      <leafValues>
        6.7734944820404053e-01 -5.0532925873994827e-02</leafValues></_>
    <_>
      <internalNodes>
        0 -1 1793211 -2.1866455674171448e-02</internalNodes>
      <leafValues>
        5.8295094966888428e-01 -5.9675768017768860e-02</leafValues></_>
    <_>
      <internalNodes>
        0 -1 1445205 6.0050729662179947e-03</internalNodes>
      <leafValues>
        7.4608415365219116e-02 -4.5410063862800598e-01</leafValues></_>
    <_>
      <internalNodes>
        0 -1 183634 -1.8010746687650681e-02</internalNodes>
      <leafValues>
        5.3102899342775345e-02 -6.5886437892913818e-01</leafValues></_>
    <_>
      <internalNodes>
        0 -1 2323917 2.0560203120112419e-03</internalNodes>
      <leafValues>
        5.6920807808637619e-02 -5.3274124860763550e-01</leafValues></_>
    <_>
      <internalNodes>
        0 -1 183525 2.0456563215702772e-03</internalNodes>
      <leafValues>
        1.7474599182605743e-02 -1.</leafValues></_>
    <_>
      <internalNodes>
        0 -1 1629966 4.6510198444593698e-05</internalNodes>
      <leafValues>
        -1.7218224704265594e-01 1.9091470539569855e-01</leafValues></_>
    <_>
      <internalNodes>
        0 -1 1753895 -1.0201385885011405e-04</internalNodes>
      <leafValues>
        2.2432798147201538e-01 -1.4936287701129913e-01</leafValues></_>
    <_>
      <internalNodes>
        0 -1 222032 -2.1723266690969467e-03</internalNodes>
      <leafValues>
        1.6305601596832275e-01 -1.8595790863037109e-01</leafValues></_>
    <_>
      <internalNodes>
        0 -1 1447133 -2.3205773904919624e-03</internalNodes>
      <leafValues>
        6.2271004915237427e-01 -5.0171900540590286e-02</leafValues></_>
    <_>
      <internalNodes>
        0 -1 2411957 5.8619445189833641e-04</internalNodes>
      <leafValues>
        -1.1837780475616455e-01 2.6500183343887329e-01</leafValues></_>
    <_>
      <internalNodes>
        0 -1 2377805 -1.5362673439085484e-03</internalNodes>
      <leafValues>
        1.8062944710254669e-01 -1.8190634250640869e-01</leafValues></_>
    <_>
      <internalNodes>
        0 -1 2383882 -2.3206707555800676e-03</internalNodes>
      <leafValues>
        -4.8930567502975464e-01 6.6274806857109070e-02</leafValues></_>
    <_>
      <internalNodes>
        0 -1 249654 -5.9371767565608025e-03</internalNodes>
      <leafValues>
        2.5587865710258484e-01 -1.3970983028411865e-01</leafValues></_>
    <_>
      <internalNodes>
        0 -1 942565 -5.8403633534908295e-02</internalNodes>
      <leafValues>
        -4.0625944733619690e-02 8.8173002004623413e-01</leafValues></_>
    <_>
      <internalNodes>
        0 -1 858026 -5.9475458692759275e-04</internalNodes>
      <leafValues>
        2.2201640903949738e-01 -1.5094520151615143e-01</leafValues></_>
    <_>
      <internalNodes>
        0 -1 88072 -1.0942716617137194e-03</internalNodes>
      <leafValues>
        -9.5026952028274536e-01 3.6633860319852829e-02</leafValues></_>
    <_>
      <internalNodes>
        0 -1 421667 -2.9092389345169067e-01</internalNodes>
      <leafValues>
        -7.5750231742858887e-01 3.4722484648227692e-02</leafValues></_>
    <_>
      <internalNodes>
        0 -1 2018992 1.7483101692050695e-03</internalNodes>
      <leafValues>
        4.6861141920089722e-02 -6.0938656330108643e-01</leafValues></_>
    <_>
      <internalNodes>
        0 -1 1122579 -4.4637918472290039e-03</internalNodes>
      <leafValues>
        -6.0976290702819824e-01 4.7188006341457367e-02</leafValues></_>
    <_>
      <internalNodes>
        0 -1 1197912 -1.1484240530990064e-04</internalNodes>
      <leafValues>
        3.0493071675300598e-01 -1.0859245061874390e-01</leafValues></_>
    <_>
      <internalNodes>
        0 -1 2417333 -5.1752924919128418e-03</internalNodes>
      <leafValues>
        -4.9106740951538086e-01 6.6474318504333496e-02</leafValues></_></weakClassifiers></stage8>
</opencv_storage>
