<?xml version="1.0"?>
<opencv_storage>
<stage7>
  <maxWeakCount>25</maxWeakCount>
  <stageThreshold>-1.1733893156051636e+00</stageThreshold>
  <weakClassifiers>
    <_>
      <internalNodes>
        0 -1 1074171 -1.1665100464597344e-03</internalNodes>
      <leafValues>
        1.1070110835134983e-02 -5.5541944503784180e-01</leafValues></_>
    <_>
      <internalNodes>
        0 -1 2255910 -6.6652741224970669e-05</internalNodes>
      <leafValues>
        3.2226645946502686e-01 -1.9457085430622101e-01</leafValues></_>
    <_>
      <internalNodes>
        0 -1 2038816 -2.1382248087320477e-04</internalNodes>
      <leafValues>
        3.7362807989120483e-01 -1.2175045907497406e-01</leafValues></_>
    <_>
      <internalNodes>
        0 -1 2126948 -1.9470522238407284e-04</internalNodes>
      <leafValues>
        4.4133979082107544e-01 -9.6131175756454468e-02</leafValues></_>
    <_>
      <internalNodes>
        0 -1 967910 7.1580594521947205e-05</internalNodes>
      <leafValues>
        -1.5695728361606598e-01 2.3478764295578003e-01</leafValues></_>
    <_>
      <internalNodes>
        0 -1 2510428 2.2123061353340745e-04</internalNodes>
      <leafValues>
        -1.4175929129123688e-01 2.6116785407066345e-01</leafValues></_>
    <_>
      <internalNodes>
        0 -1 2557737 2.3252456448972225e-03</internalNodes>
      <leafValues>
        -1.3732899725437164e-01 2.8528389334678650e-01</leafValues></_>
    <_>
      <internalNodes>
        0 -1 2029625 6.4353924244642258e-03</internalNodes>
      <leafValues>
        -4.5968737453222275e-02 7.2092771530151367e-01</leafValues></_>
    <_>
      <internalNodes>
        0 -1 341158 -3.4954142756760120e-04</internalNodes>
      <leafValues>
        2.9122120141983032e-01 -1.2164906412363052e-01</leafValues></_>
    <_>
      <internalNodes>
        0 -1 1971372 2.9985938454046845e-04</internalNodes>
      <leafValues>
        -8.9549235999584198e-02 2.9630103707313538e-01</leafValues></_>
    <_>
      <internalNodes>
        0 -1 1123042 -1.3485648669302464e-02</internalNodes>
      <leafValues>
        -5.7921081781387329e-01 6.2202226370573044e-02</leafValues></_>
    <_>
      <internalNodes>
        0 -1 1381584 -2.8968623280525208e-01</internalNodes>
      <leafValues>
        3.0116733908653259e-01 -1.3039156794548035e-01</leafValues></_>
    <_>
      <internalNodes>
        0 -1 2358400 -4.1138147935271263e-03</internalNodes>
      <leafValues>
        3.4142234921455383e-01 -1.1390345543622971e-01</leafValues></_>
    <_>
      <internalNodes>
        0 -1 2465226 -9.4306870596483350e-04</internalNodes>
      <leafValues>
        2.7870404720306396e-01 -1.2805634737014771e-01</leafValues></_>
    <_>
      <internalNodes>
        0 -1 1193198 9.9508339189924300e-05</internalNodes>
      <leafValues>
        -1.6228903830051422e-01 2.3029957711696625e-01</leafValues></_>
    <_>
      <internalNodes>
        0 -1 1545103 -4.1450891876593232e-04</internalNodes>
      <leafValues>
        2.8514230251312256e-01 -1.1535194516181946e-01</leafValues></_>
    <_>
      <internalNodes>
        0 -1 1563984 9.3223080039024353e-03</internalNodes>
      <leafValues>
        4.6991664916276932e-02 -7.7460592985153198e-01</leafValues></_>
    <_>
      <internalNodes>
        0 -1 1041719 -3.6355783231556416e-03</internalNodes>
      <leafValues>
        2.5257557630538940e-01 -1.4737306535243988e-01</leafValues></_>
    <_>
      <internalNodes>
        0 -1 417200 5.6391417980194092e-02</internalNodes>
      <leafValues>
        -4.4833850115537643e-02 8.8006967306137085e-01</leafValues></_>
    <_>
      <internalNodes>
        0 -1 2507922 -1.3959567295387387e-03</internalNodes>
      <leafValues>
        4.7867476940155029e-01 -6.2553986907005310e-02</leafValues></_>
    <_>
      <internalNodes>
        0 -1 1278349 -3.7762857973575592e-02</internalNodes>
      <leafValues>
        -5.2206452935934067e-02 6.6258579492568970e-01</leafValues></_>
    <_>
      <internalNodes>
        0 -1 2276867 -1.0392236523330212e-02</internalNodes>
      <leafValues>
        6.4883254468441010e-02 -6.1204433441162109e-01</leafValues></_>
    <_>
      <internalNodes>
        0 -1 1001780 -7.8516781330108643e-02</internalNodes>
      <leafValues>
        2.8985616564750671e-01 -1.4195191860198975e-01</leafValues></_>
    <_>
      <internalNodes>
        0 -1 1209818 6.1320014297962189e-02</internalNodes>
      <leafValues>
        -8.1983476877212524e-02 5.4235851764678955e-01</leafValues></_>
    <_>
      <internalNodes>
        0 -1 1568966 -5.0439783371984959e-03</internalNodes>
      <leafValues>
        3.1911247968673706e-01 -1.1297773569822311e-01</leafValues></_></weakClassifiers></stage7>
</opencv_storage>
