<?xml version="1.0"?>
<opencv_storage>
<stage11>
  <maxWeakCount>35</maxWeakCount>
  <stageThreshold>-1.2043650150299072e+00</stageThreshold>
  <weakClassifiers>
    <_>
      <internalNodes>
        0 -1 1143137 1.1918318271636963e-01</internalNodes>
      <leafValues>
        -5.0657892227172852e-01 2.5000000000000000e-01</leafValues></_>
    <_>
      <internalNodes>
        0 -1 1455937 -1.8046730756759644e-01</internalNodes>
      <leafValues>
        2.3015605285763741e-02 -5.3590494394302368e-01</leafValues></_>
    <_>
      <internalNodes>
        0 -1 28984 -3.6851833574473858e-03</internalNodes>
      <leafValues>
        3.0647721886634827e-01 -1.0820982605218887e-01</leafValues></_>
    <_>
      <internalNodes>
        0 -1 1826139 -1.4532190561294556e-01</internalNodes>
      <leafValues>
        -6.0751993209123611e-02 3.4425562620162964e-01</leafValues></_>
    <_>
      <internalNodes>
        0 -1 1553004 -5.7471871376037598e-02</internalNodes>
      <leafValues>
        5.1794856786727905e-02 -4.0506774187088013e-01</leafValues></_>
    <_>
      <internalNodes>
        0 -1 274069 -2.3627984337508678e-03</internalNodes>
      <leafValues>
        1.9063054025173187e-01 -1.6779887676239014e-01</leafValues></_>
    <_>
      <internalNodes>
        0 -1 302493 -1.8744897097349167e-03</internalNodes>
      <leafValues>
        3.5087475180625916e-01 -7.6807133853435516e-02</leafValues></_>
    <_>
      <internalNodes>
        0 -1 59921 -1.9322398304939270e-01</internalNodes>
      <leafValues>
        -7.3427781462669373e-02 4.8668667674064636e-01</leafValues></_>
    <_>
      <internalNodes>
        0 -1 2443675 -6.2768580392003059e-04</internalNodes>
      <leafValues>
        2.4507761001586914e-01 -1.5365393459796906e-01</leafValues></_>
    <_>
      <internalNodes>
        0 -1 2476668 -8.6743170395493507e-03</internalNodes>
      <leafValues>
        2.7331477403640747e-01 -1.2434604763984680e-01</leafValues></_>
    <_>
      <internalNodes>
        0 -1 2541166 1.4379227068275213e-03</internalNodes>
      <leafValues>
        -1.6060543060302734e-01 2.1843624114990234e-01</leafValues></_>
    <_>
      <internalNodes>
        0 -1 2128783 1.9757631234824657e-03</internalNodes>
      <leafValues>
        4.8710156232118607e-02 -8.7345671653747559e-01</leafValues></_>
    <_>
      <internalNodes>
        0 -1 2382338 4.9818096158560365e-05</internalNodes>
      <leafValues>
        -1.3949207961559296e-01 2.3677077889442444e-01</leafValues></_>
    <_>
      <internalNodes>
        0 -1 595236 -1.3204482384026051e-03</internalNodes>
      <leafValues>
        2.3105925321578979e-01 -1.3305272161960602e-01</leafValues></_>
    <_>
      <internalNodes>
        0 -1 2382338 -3.3563526812940836e-05</internalNodes>
      <leafValues>
        2.3088616132736206e-01 -1.2602947652339935e-01</leafValues></_>
    <_>
      <internalNodes>
        0 -1 645691 7.8931011259555817e-02</internalNodes>
      <leafValues>
        -5.5103678256273270e-02 5.8923029899597168e-01</leafValues></_>
    <_>
      <internalNodes>
        0 -1 1427871 9.3199394643306732e-02</internalNodes>
      <leafValues>
        -4.1299615055322647e-02 6.9862711429595947e-01</leafValues></_>
    <_>
      <internalNodes>
        0 -1 1351184 -1.4167861081659794e-04</internalNodes>
      <leafValues>
        2.1939836442470551e-01 -1.3482142984867096e-01</leafValues></_>
    <_>
      <internalNodes>
        0 -1 1164429 -2.9813894070684910e-04</internalNodes>
      <leafValues>
        2.0486479997634888e-01 -1.4176142215728760e-01</leafValues></_>
    <_>
      <internalNodes>
        0 -1 2440753 -2.3649502545595169e-03</internalNodes>
      <leafValues>
        -4.3493542075157166e-01 6.9962531328201294e-02</leafValues></_>
    <_>
      <internalNodes>
        0 -1 2519099 -3.8756272988393903e-04</internalNodes>
      <leafValues>
        2.2069643437862396e-01 -1.4243242144584656e-01</leafValues></_>
    <_>
      <internalNodes>
        0 -1 2479871 -1.0501652024686337e-02</internalNodes>
      <leafValues>
        -8.8326746225357056e-01 4.0366362780332565e-02</leafValues></_>
    <_>
      <internalNodes>
        0 -1 206590 -9.6531026065349579e-04</internalNodes>
      <leafValues>
        -4.5453882217407227e-01 6.2624283134937286e-02</leafValues></_>
    <_>
      <internalNodes>
        0 -1 1081818 -9.3238166300579906e-04</internalNodes>
      <leafValues>
        2.0080216228961945e-01 -1.5435622632503510e-01</leafValues></_>
    <_>
      <internalNodes>
        0 -1 1106791 -4.5961305499076843e-02</internalNodes>
      <leafValues>
        3.2704979181289673e-01 -9.0692840516567230e-02</leafValues></_>
    <_>
      <internalNodes>
        0 -1 1130365 1.3673318922519684e-01</internalNodes>
      <leafValues>
        -3.2886367291212082e-02 7.9638755321502686e-01</leafValues></_>
    <_>
      <internalNodes>
        0 -1 321342 -8.9138420298695564e-03</internalNodes>
      <leafValues>
        2.2324062883853912e-01 -1.4735803008079529e-01</leafValues></_>
    <_>
      <internalNodes>
        0 -1 105165 3.6317110061645508e-02</internalNodes>
      <leafValues>
        -8.3175554871559143e-02 3.8840669393539429e-01</leafValues></_>
    <_>
      <internalNodes>
        0 -1 217674 -5.3019206970930099e-03</internalNodes>
      <leafValues>
        -8.4689664840698242e-01 3.7363454699516296e-02</leafValues></_>
    <_>
      <internalNodes>
        0 -1 2442117 -2.5212131440639496e-03</internalNodes>
      <leafValues>
        1.9920855760574341e-01 -1.5732306241989136e-01</leafValues></_>
    <_>
      <internalNodes>
        0 -1 2154664 3.1567765399813652e-03</internalNodes>
      <leafValues>
        -1.1071664839982986e-01 3.1147611141204834e-01</leafValues></_>
    <_>
      <internalNodes>
        0 -1 1751301 -4.8268848331645131e-04</internalNodes>
      <leafValues>
        3.6293378472328186e-01 -8.4818243980407715e-02</leafValues></_>
    <_>
      <internalNodes>
        0 -1 2204984 -2.6402506045997143e-03</internalNodes>
      <leafValues>
        1.9624605774879456e-01 -1.5515957772731781e-01</leafValues></_>
    <_>
      <internalNodes>
        0 -1 1628605 1.9895628094673157e-02</internalNodes>
      <leafValues>
        -7.0808053016662598e-02 4.9182224273681641e-01</leafValues></_>
    <_>
      <internalNodes>
        0 -1 380912 1.3570097507908940e-04</internalNodes>
      <leafValues>
        -1.2509177625179291e-01 2.5025132298469543e-01</leafValues></_></weakClassifiers></stage11>
</opencv_storage>
