<?xml version="1.0"?>
<opencv_storage>
<stage2>
  <maxWeakCount>21</maxWeakCount>
  <stageThreshold>-1.2549558877944946e+00</stageThreshold>
  <weakClassifiers>
    <_>
      <internalNodes>
        0 -1 106126 -7.5278267264366150e-02</internalNodes>
      <leafValues>
        -7.6368874311447144e-01 -3.0909091234207153e-01</leafValues></_>
    <_>
      <internalNodes>
        0 -1 2289185 -5.8167206589132547e-04</internalNodes>
      <leafValues>
        3.5788035392761230e-01 -1.8894608318805695e-01</leafValues></_>
    <_>
      <internalNodes>
        0 -1 101162 -7.8345984220504761e-02</internalNodes>
      <leafValues>
        -6.2032139301300049e-01 8.6158044636249542e-02</leafValues></_>
    <_>
      <internalNodes>
        0 -1 2381193 -1.4899304136633873e-02</internalNodes>
      <leafValues>
        1.3489961624145508e-01 -5.1890146732330322e-01</leafValues></_>
    <_>
      <internalNodes>
        0 -1 1543683 3.6673151771537960e-04</internalNodes>
      <leafValues>
        -1.7698165774345398e-01 2.6985540986061096e-01</leafValues></_>
    <_>
      <internalNodes>
        0 -1 2505752 5.1963673904538155e-03</internalNodes>
      <leafValues>
        -1.1903810501098633e-01 3.8924264907836914e-01</leafValues></_>
    <_>
      <internalNodes>
        0 -1 331358 -5.4437583312392235e-03</internalNodes>
      <leafValues>
        3.0513736605644226e-01 -1.6522358357906342e-01</leafValues></_>
    <_>
      <internalNodes>
        0 -1 511032 -7.3231071233749390e-02</internalNodes>
      <leafValues>
        -5.7405507564544678e-01 9.9724680185317993e-02</leafValues></_>
    <_>
      <internalNodes>
        0 -1 1655498 -4.9747328739613295e-04</internalNodes>
      <leafValues>
        3.2937902212142944e-01 -1.5041045844554901e-01</leafValues></_>
    <_>
      <internalNodes>
        0 -1 106522 2.8125086100772023e-04</internalNodes>
      <leafValues>
        -1.3890969753265381e-01 3.5686492919921875e-01</leafValues></_>
    <_>
      <internalNodes>
        0 -1 2346894 -5.9249363839626312e-03</internalNodes>
      <leafValues>
        3.2714077830314636e-01 -1.3261976838111877e-01</leafValues></_>
    <_>
      <internalNodes>
        0 -1 2376495 3.6624935455620289e-03</internalNodes>
      <leafValues>
        -1.3861201703548431e-01 3.2379427552223206e-01</leafValues></_>
    <_>
      <internalNodes>
        0 -1 360494 -3.5341177135705948e-02</internalNodes>
      <leafValues>
        5.7148601859807968e-02 -8.6768156290054321e-01</leafValues></_>
    <_>
      <internalNodes>
        0 -1 1640391 -9.3421438941732049e-04</internalNodes>
      <leafValues>
        2.2142492234706879e-01 -1.9107705354690552e-01</leafValues></_>
    <_>
      <internalNodes>
        0 -1 53242 3.1320867128670216e-03</internalNodes>
      <leafValues>
        -1.2370782345533371e-01 3.4762075543403625e-01</leafValues></_>
    <_>
      <internalNodes>
        0 -1 395 -7.6121613383293152e-03</internalNodes>
      <leafValues>
        4.0050399303436279e-01 -1.0838831216096878e-01</leafValues></_>
    <_>
      <internalNodes>
        0 -1 1189454 1.1914050206542015e-02</internalNodes>
      <leafValues>
        -5.8505099266767502e-02 7.0099908113479614e-01</leafValues></_>
    <_>
      <internalNodes>
        0 -1 405640 2.3259012959897518e-04</internalNodes>
      <leafValues>
        -1.3744519650936127e-01 3.0987626314163208e-01</leafValues></_>
    <_>
      <internalNodes>
        0 -1 566680 -2.3195654153823853e-02</internalNodes>
      <leafValues>
        -1.9209310412406921e-01 2.3090359568595886e-01</leafValues></_>
    <_>
      <internalNodes>
        0 -1 87870 -1.4506510342471302e-04</internalNodes>
      <leafValues>
        1.9072833657264709e-01 -2.5682592391967773e-01</leafValues></_>
    <_>
      <internalNodes>
        0 -1 1968909 -1.3217954256106168e-04</internalNodes>
      <leafValues>
        2.3140524327754974e-01 -1.9010344147682190e-01</leafValues></_></weakClassifiers></stage2>
</opencv_storage>
