<?xml version="1.0"?>
<opencv_storage>
<stage3>
  <maxWeakCount>28</maxWeakCount>
  <stageThreshold>-1.2933242321014404e+00</stageThreshold>
  <weakClassifiers>
    <_>
      <internalNodes>
        0 -1 2436447 -1.7591405659914017e-02</internalNodes>
      <leafValues>
        5.6756758689880371e-01 -5.1693987846374512e-01</leafValues></_>
    <_>
      <internalNodes>
        0 -1 269 -1.7027751891873777e-04</internalNodes>
      <leafValues>
        9.3977987766265869e-02 -3.9145913720130920e-01</leafValues></_>
    <_>
      <internalNodes>
        0 -1 924321 -2.0015211775898933e-03</internalNodes>
      <leafValues>
        -6.8106144666671753e-01 7.4173048138618469e-02</leafValues></_>
    <_>
      <internalNodes>
        0 -1 1693428 4.2507022619247437e-02</internalNodes>
      <leafValues>
        -3.6872122436761856e-02 6.7161166667938232e-01</leafValues></_>
    <_>
      <internalNodes>
        0 -1 2359827 4.6729154884815216e-02</internalNodes>
      <leafValues>
        -9.6623033285140991e-02 4.1325297951698303e-01</leafValues></_>
    <_>
      <internalNodes>
        0 -1 2509025 -4.0710670873522758e-03</internalNodes>
      <leafValues>
        -5.6414419412612915e-01 6.7132577300071716e-02</leafValues></_>
    <_>
      <internalNodes>
        0 -1 2303775 1.0545011609792709e-02</internalNodes>
      <leafValues>
        -5.1198050379753113e-02 6.7612487077713013e-01</leafValues></_>
    <_>
      <internalNodes>
        0 -1 809813 -8.4026098251342773e-02</internalNodes>
      <leafValues>
        7.1810346841812134e-01 -4.6035293489694595e-02</leafValues></_>
    <_>
      <internalNodes>
        0 -1 981069 1.0064606554806232e-02</internalNodes>
      <leafValues>
        -9.7706548869609833e-02 3.8036361336708069e-01</leafValues></_>
    <_>
      <internalNodes>
        0 -1 781551 -7.9351402819156647e-03</internalNodes>
      <leafValues>
        3.4831529855728149e-01 -9.9449887871742249e-02</leafValues></_>
    <_>
      <internalNodes>
        0 -1 2463865 -7.5410783756524324e-04</internalNodes>
      <leafValues>
        -8.3196377754211426e-01 3.2109163701534271e-02</leafValues></_>
    <_>
      <internalNodes>
        0 -1 2566385 -2.2684989962726831e-03</internalNodes>
      <leafValues>
        9.5542483031749725e-02 -3.6368423700332642e-01</leafValues></_>
    <_>
      <internalNodes>
        0 -1 2456084 -6.8452267441898584e-04</internalNodes>
      <leafValues>
        -7.4278467893600464e-01 4.0218308568000793e-02</leafValues></_>
    <_>
      <internalNodes>
        0 -1 2408958 -2.9684598557651043e-03</internalNodes>
      <leafValues>
        -7.0945143699645996e-01 4.4779334217309952e-02</leafValues></_>
    <_>
      <internalNodes>
        0 -1 297086 -9.0598165988922119e-03</internalNodes>
      <leafValues>
        5.2705162763595581e-01 -7.2192184627056122e-02</leafValues></_>
    <_>
      <internalNodes>
        0 -1 2568930 -9.0222880244255066e-03</internalNodes>
      <leafValues>
        -5.9193855524063110e-01 6.3638217747211456e-02</leafValues></_>
    <_>
      <internalNodes>
        0 -1 1922661 -1.2451101839542389e-01</internalNodes>
      <leafValues>
        -3.9019429683685303e-01 8.0300755798816681e-02</leafValues></_>
    <_>
      <internalNodes>
        0 -1 1679554 8.5078302072361112e-04</internalNodes>
      <leafValues>
        4.2965576052665710e-02 -9.7409993410110474e-01</leafValues></_>
    <_>
      <internalNodes>
        0 -1 2174964 -5.0162319093942642e-03</internalNodes>
      <leafValues>
        7.2654610872268677e-01 -6.3453376293182373e-02</leafValues></_>
    <_>
      <internalNodes>
        0 -1 884814 -2.9778184834867716e-03</internalNodes>
      <leafValues>
        -3.0850100517272949e-01 1.2160369008779526e-01</leafValues></_>
    <_>
      <internalNodes>
        0 -1 287220 4.8191532492637634e-02</internalNodes>
      <leafValues>
        -8.5293725132942200e-02 4.9773132801055908e-01</leafValues></_>
    <_>
      <internalNodes>
        0 -1 538157 -1.7166419327259064e-01</internalNodes>
      <leafValues>
        1.2521855533123016e-01 -3.1304925680160522e-01</leafValues></_>
    <_>
      <internalNodes>
        0 -1 1465234 -1.2887042760848999e-01</internalNodes>
      <leafValues>
        -1.7918151617050171e-01 2.1789471805095673e-01</leafValues></_>
    <_>
      <internalNodes>
        0 -1 2245727 -6.0013926122337580e-04</internalNodes>
      <leafValues>
        -7.4882161617279053e-01 4.8154357820749283e-02</leafValues></_>
    <_>
      <internalNodes>
        0 -1 2188071 4.0278220549225807e-03</internalNodes>
      <leafValues>
        -6.6604845225811005e-02 6.7453753948211670e-01</leafValues></_>
    <_>
      <internalNodes>
        0 -1 1337201 9.2656891793012619e-03</internalNodes>
      <leafValues>
        -5.0476141273975372e-02 6.0994893312454224e-01</leafValues></_>
    <_>
      <internalNodes>
        0 -1 474296 2.6919689029455185e-02</internalNodes>
      <leafValues>
        4.8345960676670074e-02 -8.5667264461517334e-01</leafValues></_>
    <_>
      <internalNodes>
        0 -1 2563132 -4.8558777198195457e-03</internalNodes>
      <leafValues>
        6.0586166381835938e-01 -7.3066569864749908e-02</leafValues></_></weakClassifiers></stage3>
</opencv_storage>
