<?xml version="1.0"?>
<opencv_storage>
<stage0>
  <maxWeakCount>4</maxWeakCount>
  <stageThreshold>-8.0090725421905518e-01</stageThreshold>
  <weakClassifiers>
    <_>
      <internalNodes>
        0 -1 106361 -9.1932326555252075e-02</internalNodes>
      <leafValues>
        -9.8958331346511841e-01 -2.5150603055953979e-01</leafValues></_>
    <_>
      <internalNodes>
        0 -1 2078288 -1.5535989403724670e-01</internalNodes>
      <leafValues>
        1.8478623032569885e-01 -8.1624501943588257e-01</leafValues></_>
    <_>
      <internalNodes>
        0 -1 950499 -3.5517707467079163e-02</internalNodes>
      <leafValues>
        -9.9169814586639404e-01 1.5990798175334930e-01</leafValues></_>
    <_>
      <internalNodes>
        0 -1 2251844 -3.1437717378139496e-02</internalNodes>
      <leafValues>
        1.0693585127592087e-01 -8.7705880403518677e-01</leafValues></_></weakClassifiers></stage0>
</opencv_storage>
