<?xml version="1.0"?>
<opencv_storage>
<stage6>
  <maxWeakCount>26</maxWeakCount>
  <stageThreshold>-1.1673337221145630e+00</stageThreshold>
  <weakClassifiers>
    <_>
      <internalNodes>
        0 -1 4341 -1.9171121716499329e-01</internalNodes>
      <leafValues>
        -3.2469776272773743e-01 -7.0777481794357300e-01</leafValues></_>
    <_>
      <internalNodes>
        0 -1 2568968 -8.0195837654173374e-04</internalNodes>
      <leafValues>
        1.5137831866741180e-01 -2.5299078226089478e-01</leafValues></_>
    <_>
      <internalNodes>
        0 -1 1734294 -2.0765860378742218e-01</internalNodes>
      <leafValues>
        7.3902584612369537e-02 -4.9919596314430237e-01</leafValues></_>
    <_>
      <internalNodes>
        0 -1 2329004 -1.6975959762930870e-02</internalNodes>
      <leafValues>
        3.2994255423545837e-01 -1.0302606225013733e-01</leafValues></_>
    <_>
      <internalNodes>
        0 -1 1043684 1.3076040148735046e-01</internalNodes>
      <leafValues>
        -6.7106455564498901e-02 5.8170932531356812e-01</leafValues></_>
    <_>
      <internalNodes>
        0 -1 1048183 -1.3963587582111359e-02</internalNodes>
      <leafValues>
        3.6133930087089539e-01 -1.1345924437046051e-01</leafValues></_>
    <_>
      <internalNodes>
        0 -1 2412103 1.2322650291025639e-03</internalNodes>
      <leafValues>
        -1.4435106515884399e-01 2.6492169499397278e-01</leafValues></_>
    <_>
      <internalNodes>
        0 -1 2174932 -4.1512297466397285e-03</internalNodes>
      <leafValues>
        6.8132418394088745e-01 -2.9972068965435028e-02</leafValues></_>
    <_>
      <internalNodes>
        0 -1 2192228 6.3850297010503709e-05</internalNodes>
      <leafValues>
        -1.4153994619846344e-01 2.8088077902793884e-01</leafValues></_>
    <_>
      <internalNodes>
        0 -1 702066 -4.5438949018716812e-03</internalNodes>
      <leafValues>
        -5.8461385965347290e-01 6.0135688632726669e-02</leafValues></_>
    <_>
      <internalNodes>
        0 -1 2513703 -1.5056165866553783e-03</internalNodes>
      <leafValues>
        2.2297355532646179e-01 -1.7058984935283661e-01</leafValues></_>
    <_>
      <internalNodes>
        0 -1 1066611 -8.7454216554760933e-03</internalNodes>
      <leafValues>
        2.7771866321563721e-01 -1.2255996465682983e-01</leafValues></_>
    <_>
      <internalNodes>
        0 -1 653 -1.2613104656338692e-02</internalNodes>
      <leafValues>
        5.3310133516788483e-02 -6.4699357748031616e-01</leafValues></_>
    <_>
      <internalNodes>
        0 -1 967391 3.5263169556856155e-02</internalNodes>
      <leafValues>
        -1.1826791614294052e-01 3.1766796112060547e-01</leafValues></_>
    <_>
      <internalNodes>
        0 -1 2302222 2.1292693912982941e-02</internalNodes>
      <leafValues>
        -1.0148454457521439e-01 3.7374460697174072e-01</leafValues></_>
    <_>
      <internalNodes>
        0 -1 2570158 -2.8259452665224671e-04</internalNodes>
      <leafValues>
        2.3412756621837616e-01 -1.5669432282447815e-01</leafValues></_>
    <_>
      <internalNodes>
        0 -1 1630131 -2.7568456716835499e-03</internalNodes>
      <leafValues>
        2.6276761293411255e-01 -1.3212402164936066e-01</leafValues></_>
    <_>
      <internalNodes>
        0 -1 1866526 3.8482770323753357e-03</internalNodes>
      <leafValues>
        -1.1051616072654724e-01 3.0349391698837280e-01</leafValues></_>
    <_>
      <internalNodes>
        0 -1 1421548 -3.7241945974528790e-03</internalNodes>
      <leafValues>
        2.7227053046226501e-01 -1.3002142310142517e-01</leafValues></_>
    <_>
      <internalNodes>
        0 -1 2563273 3.1918718013912439e-03</internalNodes>
      <leafValues>
        -5.7595144957304001e-02 6.1009562015533447e-01</leafValues></_>
    <_>
      <internalNodes>
        0 -1 691447 6.0736862942576408e-03</internalNodes>
      <leafValues>
        -1.0316246002912521e-01 3.4011304378509521e-01</leafValues></_>
    <_>
      <internalNodes>
        0 -1 664714 9.7121919679921120e-06</internalNodes>
      <leafValues>
        -1.8010458350181580e-01 1.9117552042007446e-01</leafValues></_>
    <_>
      <internalNodes>
        0 -1 1687951 3.0416669324040413e-03</internalNodes>
      <leafValues>
        -5.5904455482959747e-02 6.3574314117431641e-01</leafValues></_>
    <_>
      <internalNodes>
        0 -1 200089 3.6915394593961537e-04</internalNodes>
      <leafValues>
        1.4314347505569458e-01 -2.5473129749298096e-01</leafValues></_>
    <_>
      <internalNodes>
        0 -1 1040651 -5.8103231713175774e-03</internalNodes>
      <leafValues>
        2.7762117981910706e-01 -1.3129796087741852e-01</leafValues></_>
    <_>
      <internalNodes>
        0 -1 1840380 -1.5327821020036936e-03</internalNodes>
      <leafValues>
        -7.2877275943756104e-01 5.1912721246480942e-02</leafValues></_></weakClassifiers></stage6>
</opencv_storage>
