<?xml version="1.0"?>
<opencv_storage>
<stage10>
  <maxWeakCount>32</maxWeakCount>
  <stageThreshold>-1.2092241048812866e+00</stageThreshold>
  <weakClassifiers>
    <_>
      <internalNodes>
        0 -1 2566521 -4.8137111589312553e-03</internalNodes>
      <leafValues>
        1.1111111193895340e-01 -5.1950252056121826e-01</leafValues></_>
    <_>
      <internalNodes>
        0 -1 1669004 -2.1983468532562256e-01</internalNodes>
      <leafValues>
        -2.2356900572776794e-01 1.8263383209705353e-01</leafValues></_>
    <_>
      <internalNodes>
        0 -1 110810 -3.6300432682037354e-01</internalNodes>
      <leafValues>
        -7.3583525419235229e-01 5.0383273512125015e-02</leafValues></_>
    <_>
      <internalNodes>
        0 -1 1840098 -2.8562229126691818e-02</internalNodes>
      <leafValues>
        2.9548701643943787e-01 -1.5185001492500305e-01</leafValues></_>
    <_>
      <internalNodes>
        0 -1 2353478 -9.1232825070619583e-04</internalNodes>
      <leafValues>
        2.0878098905086517e-01 -1.4504866302013397e-01</leafValues></_>
    <_>
      <internalNodes>
        0 -1 2274636 1.2058235006406903e-04</internalNodes>
      <leafValues>
        -1.5031704306602478e-01 1.9139868021011353e-01</leafValues></_>
    <_>
      <internalNodes>
        0 -1 1348328 -1.6035391017794609e-02</internalNodes>
      <leafValues>
        8.5866063833236694e-01 -3.6422807723283768e-02</leafValues></_>
    <_>
      <internalNodes>
        0 -1 1881505 1.2476243078708649e-02</internalNodes>
      <leafValues>
        -4.7863423824310303e-02 5.3491717576980591e-01</leafValues></_>
    <_>
      <internalNodes>
        0 -1 1800018 2.4609031970612705e-04</internalNodes>
      <leafValues>
        -9.7927354276180267e-02 2.7480849623680115e-01</leafValues></_>
    <_>
      <internalNodes>
        0 -1 455429 -2.3734611459076405e-03</internalNodes>
      <leafValues>
        -6.2805151939392090e-01 8.9992128312587738e-02</leafValues></_>
    <_>
      <internalNodes>
        0 -1 748694 4.0327390888705850e-04</internalNodes>
      <leafValues>
        -1.7036359012126923e-01 1.9253842532634735e-01</leafValues></_>
    <_>
      <internalNodes>
        0 -1 348130 1.5996498405002058e-04</internalNodes>
      <leafValues>
        -1.4073117077350616e-01 2.0939294993877411e-01</leafValues></_>
    <_>
      <internalNodes>
        0 -1 2295487 1.0688602924346924e-03</internalNodes>
      <leafValues>
        -1.5473401546478271e-01 2.1530723571777344e-01</leafValues></_>
    <_>
      <internalNodes>
        0 -1 1726815 1.3842893764376640e-02</internalNodes>
      <leafValues>
        -7.5352296233177185e-02 4.1140085458755493e-01</leafValues></_>
    <_>
      <internalNodes>
        0 -1 1264985 4.9404212040826678e-04</internalNodes>
      <leafValues>
        6.7817836999893188e-02 -5.7208985090255737e-01</leafValues></_>
    <_>
      <internalNodes>
        0 -1 348160 -7.7674053609371185e-03</internalNodes>
      <leafValues>
        4.1058310866355896e-01 -8.4976136684417725e-02</leafValues></_>
    <_>
      <internalNodes>
        0 -1 193429 -3.3848178572952747e-03</internalNodes>
      <leafValues>
        2.5488510727882385e-01 -1.2564675509929657e-01</leafValues></_>
    <_>
      <internalNodes>
        0 -1 2212864 -3.6792003083974123e-04</internalNodes>
      <leafValues>
        2.5308528542518616e-01 -1.2089047580957413e-01</leafValues></_>
    <_>
      <internalNodes>
        0 -1 2285149 5.2637740736827254e-04</internalNodes>
      <leafValues>
        -1.3938435912132263e-01 2.5911200046539307e-01</leafValues></_>
    <_>
      <internalNodes>
        0 -1 738363 -4.4012799859046936e-02</internalNodes>
      <leafValues>
        7.6041179895401001e-01 -4.3415062129497528e-02</leafValues></_>
    <_>
      <internalNodes>
        0 -1 2491401 4.4722342863678932e-03</internalNodes>
      <leafValues>
        5.1379214972257614e-02 -7.8280007839202881e-01</leafValues></_>
    <_>
      <internalNodes>
        0 -1 331152 -5.0696067512035370e-02</internalNodes>
      <leafValues>
        7.9222077131271362e-01 -5.2380181849002838e-02</leafValues></_>
    <_>
      <internalNodes>
        0 -1 1923304 -8.8685093214735389e-04</internalNodes>
      <leafValues>
        2.4413995444774628e-01 -1.2547953426837921e-01</leafValues></_>
    <_>
      <internalNodes>
        0 -1 2364865 9.7648633527569473e-05</internalNodes>
      <leafValues>
        -1.3989709317684174e-01 2.3117740452289581e-01</leafValues></_>
    <_>
      <internalNodes>
        0 -1 2089872 1.1041684774681926e-04</internalNodes>
      <leafValues>
        -1.2019774317741394e-01 2.7663874626159668e-01</leafValues></_>
    <_>
      <internalNodes>
        0 -1 94583 3.3786982297897339e-02</internalNodes>
      <leafValues>
        -4.7449693083763123e-02 6.7658293247222900e-01</leafValues></_>
    <_>
      <internalNodes>
        0 -1 1554903 -1.1900028912350535e-03</internalNodes>
      <leafValues>
        -3.1476393342018127e-01 1.1626161634922028e-01</leafValues></_>
    <_>
      <internalNodes>
        0 -1 84162 3.4744529984891415e-03</internalNodes>
      <leafValues>
        -1.1060933023691177e-01 3.2350936532020569e-01</leafValues></_>
    <_>
      <internalNodes>
        0 -1 783328 7.8073912300169468e-04</internalNodes>
      <leafValues>
        5.4385427385568619e-02 -6.0335725545883179e-01</leafValues></_>
    <_>
      <internalNodes>
        0 -1 2150606 -1.5547791495919228e-02</internalNodes>
      <leafValues>
        -8.0113433301448822e-02 4.2725393176078796e-01</leafValues></_>
    <_>
      <internalNodes>
        0 -1 2414881 -4.7436999157071114e-03</internalNodes>
      <leafValues>
        5.7839030027389526e-01 -5.7552125304937363e-02</leafValues></_>
    <_>
      <internalNodes>
        0 -1 1134380 -5.2182036638259888e-01</internalNodes>
      <leafValues>
        -7.2415387630462646e-01 5.1813684403896332e-02</leafValues></_></weakClassifiers></stage10>
</opencv_storage>
