<?xml version="1.0"?>
<opencv_storage>
<stage5>
  <maxWeakCount>26</maxWeakCount>
  <stageThreshold>-1.3235617876052856e+00</stageThreshold>
  <weakClassifiers>
    <_>
      <internalNodes>
        0 -1 599550 -5.1018603146076202e-02</internalNodes>
      <leafValues>
        -3.2142856717109680e-01 -7.5595235824584961e-01</leafValues></_>
    <_>
      <internalNodes>
        0 -1 794450 -2.6134109124541283e-02</internalNodes>
      <leafValues>
        2.2193071246147156e-01 -2.4556769430637360e-01</leafValues></_>
    <_>
      <internalNodes>
        0 -1 70443 -1.2191757559776306e-03</internalNodes>
      <leafValues>
        -6.9720381498336792e-01 6.5897703170776367e-02</leafValues></_>
    <_>
      <internalNodes>
        0 -1 2527057 -6.3345709349960089e-04</internalNodes>
      <leafValues>
        -7.4582046270370483e-01 7.3058523237705231e-02</leafValues></_>
    <_>
      <internalNodes>
        0 -1 70350 8.9238921646028757e-04</internalNodes>
      <leafValues>
        8.0035015940666199e-02 -6.6449505090713501e-01</leafValues></_>
    <_>
      <internalNodes>
        0 -1 2281882 -1.8546114442870021e-03</internalNodes>
      <leafValues>
        -6.4259248971939087e-01 4.9599621444940567e-02</leafValues></_>
    <_>
      <internalNodes>
        0 -1 1801151 -2.8396880952641368e-04</internalNodes>
      <leafValues>
        -7.4938559532165527e-01 4.7313440591096878e-02</leafValues></_>
    <_>
      <internalNodes>
        0 -1 323793 -2.4687014520168304e-02</internalNodes>
      <leafValues>
        3.4891569614410400e-01 -1.0387608408927917e-01</leafValues></_>
    <_>
      <internalNodes>
        0 -1 443727 4.3466515839099884e-02</internalNodes>
      <leafValues>
        -7.6912611722946167e-02 6.0136926174163818e-01</leafValues></_>
    <_>
      <internalNodes>
        0 -1 110146 8.5820868611335754e-02</internalNodes>
      <leafValues>
        -3.2642185688018799e-02 9.6903479099273682e-01</leafValues></_>
    <_>
      <internalNodes>
        0 -1 1175148 2.8924257494509220e-03</internalNodes>
      <leafValues>
        6.8136066198348999e-02 -6.5424740314483643e-01</leafValues></_>
    <_>
      <internalNodes>
        0 -1 860835 4.2091853916645050e-02</internalNodes>
      <leafValues>
        -4.9577187746763229e-02 8.6061280965805054e-01</leafValues></_>
    <_>
      <internalNodes>
        0 -1 2507236 2.1003056317567825e-03</internalNodes>
      <leafValues>
        -1.3456863164901733e-01 2.8282573819160461e-01</leafValues></_>
    <_>
      <internalNodes>
        0 -1 2548305 -8.6976549937389791e-05</internalNodes>
      <leafValues>
        2.8269833326339722e-01 -1.4387798309326172e-01</leafValues></_>
    <_>
      <internalNodes>
        0 -1 2415947 -2.8859428130090237e-03</internalNodes>
      <leafValues>
        -8.0842494964599609e-01 5.1178876310586929e-02</leafValues></_>
    <_>
      <internalNodes>
        0 -1 597742 5.7428050786256790e-04</internalNodes>
      <leafValues>
        4.8259917646646500e-02 -6.7404919862747192e-01</leafValues></_>
    <_>
      <internalNodes>
        0 -1 586602 -1.4560701092705131e-03</internalNodes>
      <leafValues>
        2.3046047985553741e-01 -1.7848138511180878e-01</leafValues></_>
    <_>
      <internalNodes>
        0 -1 2444705 7.3755020275712013e-04</internalNodes>
      <leafValues>
        8.9799880981445313e-02 -4.4921135902404785e-01</leafValues></_>
    <_>
      <internalNodes>
        0 -1 2406966 -1.5188195975497365e-03</internalNodes>
      <leafValues>
        2.9331028461456299e-01 -1.4500848948955536e-01</leafValues></_>
    <_>
      <internalNodes>
        0 -1 956866 -6.8183738039806485e-04</internalNodes>
      <leafValues>
        -7.2355681657791138e-01 5.7026334106922150e-02</leafValues></_>
    <_>
      <internalNodes>
        0 -1 2544795 -3.0692252330482006e-03</internalNodes>
      <leafValues>
        -6.0197597742080688e-01 5.5177513509988785e-02</leafValues></_>
    <_>
      <internalNodes>
        0 -1 1892789 -2.5615897029638290e-03</internalNodes>
      <leafValues>
        -7.4144691228866577e-01 4.5903902500867844e-02</leafValues></_>
    <_>
      <internalNodes>
        0 -1 2285278 -1.1445444542914629e-03</internalNodes>
      <leafValues>
        1.8962359428405762e-01 -1.9584067165851593e-01</leafValues></_>
    <_>
      <internalNodes>
        0 -1 593444 -2.8018685989081860e-03</internalNodes>
      <leafValues>
        2.6392152905464172e-01 -1.4988867938518524e-01</leafValues></_>
    <_>
      <internalNodes>
        0 -1 669889 4.3610461056232452e-02</internalNodes>
      <leafValues>
        -1.2021175026893616e-01 3.7511962652206421e-01</leafValues></_>
    <_>
      <internalNodes>
        0 -1 690960 -9.2009022831916809e-02</internalNodes>
      <leafValues>
        1.0983044654130936e-01 -3.7276139855384827e-01</leafValues></_></weakClassifiers></stage5>
</opencv_storage>
