<?xml version="1.0"?>
<opencv_storage>
<stage8>
  <maxWeakCount>11</maxWeakCount>
  <stageThreshold>-1.3335013389587402e+00</stageThreshold>
  <weakClassifiers>
    <_>
      <internalNodes>
        0 -1 746700 -4.7721881419420242e-02</internalNodes>
      <leafValues>
        2.2222222387790680e-01 -5.7337367534637451e-01</leafValues></_>
    <_>
      <internalNodes>
        0 -1 1013335 -5.4075196385383606e-04</internalNodes>
      <leafValues>
        -7.1847796440124512e-01 5.8132186532020569e-02</leafValues></_>
    <_>
      <internalNodes>
        0 -1 50350 -4.7405331861227751e-04</internalNodes>
      <leafValues>
        -6.4139586687088013e-01 1.2422453612089157e-01</leafValues></_>
    <_>
      <internalNodes>
        0 -1 1044531 4.7895074822008610e-03</internalNodes>
      <leafValues>
        9.8758064210414886e-02 -8.3817458152770996e-01</leafValues></_>
    <_>
      <internalNodes>
        0 -1 755560 -1.2463005259633064e-03</internalNodes>
      <leafValues>
        2.0814332365989685e-01 -4.4603067636489868e-01</leafValues></_>
    <_>
      <internalNodes>
        0 -1 1146309 3.9743492379784584e-04</internalNodes>
      <leafValues>
        1.4004102349281311e-01 -6.1553746461868286e-01</leafValues></_>
    <_>
      <internalNodes>
        0 -1 33494 -2.2166282869875431e-03</internalNodes>
      <leafValues>
        -7.1340012550354004e-01 1.0774970799684525e-01</leafValues></_>
    <_>
      <internalNodes>
        0 -1 29684 -6.8079848460911307e-06</internalNodes>
      <leafValues>
        2.4173507094383240e-01 -3.5964253544807434e-01</leafValues></_>
    <_>
      <internalNodes>
        0 -1 1229228 3.5410188138484955e-04</internalNodes>
      <leafValues>
        1.3694544136524200e-01 -6.1464947462081909e-01</leafValues></_>
    <_>
      <internalNodes>
        0 -1 1230370 -2.5434386916458607e-03</internalNodes>
      <leafValues>
        -8.5139060020446777e-01 8.7014831602573395e-02</leafValues></_>
    <_>
      <internalNodes>
        0 -1 1128950 1.0175806528422982e-04</internalNodes>
      <leafValues>
        1.1262316256761551e-01 -6.0989940166473389e-01</leafValues></_></weakClassifiers></stage8>
</opencv_storage>
