<?xml version="1.0"?>
<opencv_storage>
<stage2>
  <maxWeakCount>12</maxWeakCount>
  <stageThreshold>-1.3523521423339844e+00</stageThreshold>
  <weakClassifiers>
    <_>
      <internalNodes>
        0 -1 259690 -3.7240290548652411e-03</internalNodes>
      <leafValues>
        3.1428572535514832e-01 -5.8069384098052979e-01</leafValues></_>
    <_>
      <internalNodes>
        0 -1 755705 -3.3262774813920259e-03</internalNodes>
      <leafValues>
        4.8988357186317444e-01 -2.3218198120594025e-01</leafValues></_>
    <_>
      <internalNodes>
        0 -1 1093761 -4.6505099162459373e-03</internalNodes>
      <leafValues>
        6.4800679683685303e-01 -1.1148480325937271e-01</leafValues></_>
    <_>
      <internalNodes>
        0 -1 1101581 3.1254201894626021e-04</internalNodes>
      <leafValues>
        -2.3289385437965393e-01 3.5658156871795654e-01</leafValues></_>
    <_>
      <internalNodes>
        0 -1 356220 -1.1315394192934036e-02</internalNodes>
      <leafValues>
        7.1008425951004028e-01 -1.1363961547613144e-01</leafValues></_>
    <_>
      <internalNodes>
        0 -1 722445 -1.5818918473087251e-04</internalNodes>
      <leafValues>
        2.8888243436813354e-01 -2.9605334997177124e-01</leafValues></_>
    <_>
      <internalNodes>
        0 -1 1190765 4.8002542462199926e-04</internalNodes>
      <leafValues>
        1.1540749669075012e-01 -7.4680328369140625e-01</leafValues></_>
    <_>
      <internalNodes>
        0 -1 793411 5.6951167061924934e-03</internalNodes>
      <leafValues>
        -9.8483480513095856e-02 7.7529793977737427e-01</leafValues></_>
    <_>
      <internalNodes>
        0 -1 1163002 1.6183296684175730e-03</internalNodes>
      <leafValues>
        -1.9710838794708252e-01 4.0095126628875732e-01</leafValues></_>
    <_>
      <internalNodes>
        0 -1 1167561 -2.6280321180820465e-03</internalNodes>
      <leafValues>
        5.2840030193328857e-01 -1.7198857665061951e-01</leafValues></_>
    <_>
      <internalNodes>
        0 -1 925633 -3.7089793477207422e-04</internalNodes>
      <leafValues>
        -8.4778070449829102e-01 1.4743170142173767e-01</leafValues></_>
    <_>
      <internalNodes>
        0 -1 109552 1.6203846782445908e-02</internalNodes>
      <leafValues>
        -1.7013891041278839e-01 7.7216702699661255e-01</leafValues></_></weakClassifiers></stage2>
</opencv_storage>
