<?xml version="1.0"?>
<opencv_storage>
<stage10>
  <maxWeakCount>18</maxWeakCount>
  <stageThreshold>-1.2615104913711548e+00</stageThreshold>
  <weakClassifiers>
    <_>
      <internalNodes>
        0 -1 979691 -3.8071818649768829e-02</internalNodes>
      <leafValues>
        6.8000000715255737e-01 -5.3672313690185547e-01</leafValues></_>
    <_>
      <internalNodes>
        0 -1 833602 -1.7537005478516221e-03</internalNodes>
      <leafValues>
        -6.0864979028701782e-01 7.2277314960956573e-02</leafValues></_>
    <_>
      <internalNodes>
        0 -1 1016611 -2.5371095398440957e-04</internalNodes>
      <leafValues>
        -6.9791769981384277e-01 1.0832378268241882e-01</leafValues></_>
    <_>
      <internalNodes>
        0 -1 556603 3.0624743085354567e-03</internalNodes>
      <leafValues>
        8.6905218660831451e-02 -7.9078340530395508e-01</leafValues></_>
    <_>
      <internalNodes>
        0 -1 579725 1.1920267716050148e-02</internalNodes>
      <leafValues>
        -1.2350568920373917e-01 6.1597013473510742e-01</leafValues></_>
    <_>
      <internalNodes>
        0 -1 1166928 5.5577522143721581e-03</internalNodes>
      <leafValues>
        -6.4033523201942444e-02 7.7419096231460571e-01</leafValues></_>
    <_>
      <internalNodes>
        0 -1 287417 -5.6430255062878132e-04</internalNodes>
      <leafValues>
        -7.5734901428222656e-01 1.0830289125442505e-01</leafValues></_>
    <_>
      <internalNodes>
        0 -1 235353 -1.9665729254484177e-02</internalNodes>
      <leafValues>
        1.5343452990055084e-01 -3.9515471458435059e-01</leafValues></_>
    <_>
      <internalNodes>
        0 -1 35760 -1.9421619176864624e-01</internalNodes>
      <leafValues>
        -3.1322413682937622e-01 2.4807603657245636e-01</leafValues></_>
    <_>
      <internalNodes>
        0 -1 1107223 -3.4659728407859802e-04</internalNodes>
      <leafValues>
        -6.6526371240615845e-01 1.1256810277700424e-01</leafValues></_>
    <_>
      <internalNodes>
        0 -1 83712 -1.0749842971563339e-02</internalNodes>
      <leafValues>
        9.0251237154006958e-02 -7.4058842658996582e-01</leafValues></_>
    <_>
      <internalNodes>
        0 -1 1151187 2.2142432862892747e-04</internalNodes>
      <leafValues>
        1.0711560398340225e-01 -6.0972535610198975e-01</leafValues></_>
    <_>
      <internalNodes>
        0 -1 1229364 -4.6570375561714172e-03</internalNodes>
      <leafValues>
        6.9718903303146362e-01 -1.2378261983394623e-01</leafValues></_>
    <_>
      <internalNodes>
        0 -1 604088 -1.1650794185698032e-03</internalNodes>
      <leafValues>
        -6.3009566068649292e-01 1.2774412333965302e-01</leafValues></_>
    <_>
      <internalNodes>
        0 -1 1155031 2.2539596538990736e-03</internalNodes>
      <leafValues>
        -1.8085192143917084e-01 4.6104273200035095e-01</leafValues></_>
    <_>
      <internalNodes>
        0 -1 184727 -1.6688664909452200e-03</internalNodes>
      <leafValues>
        4.1384387016296387e-01 -1.9738739728927612e-01</leafValues></_>
    <_>
      <internalNodes>
        0 -1 631888 -1.4210992958396673e-04</internalNodes>
      <leafValues>
        -5.5710554122924805e-01 1.4500869810581207e-01</leafValues></_>
    <_>
      <internalNodes>
        0 -1 964624 -4.8043183051049709e-03</internalNodes>
      <leafValues>
        6.9369399547576904e-01 -1.2980352342128754e-01</leafValues></_></weakClassifiers></stage10>
</opencv_storage>
