<?xml version="1.0"?>
<opencv_storage>
<stage16>
  <maxWeakCount>16</maxWeakCount>
  <stageThreshold>-9.6594202518463135e-01</stageThreshold>
  <weakClassifiers>
    <_>
      <internalNodes>
        0 -1 1225874 2.8656136710196733e-03</internalNodes>
      <leafValues>
        -5.5993932485580444e-01 8.1081077456474304e-02</leafValues></_>
    <_>
      <internalNodes>
        0 -1 659437 1.8659750639926642e-04</internalNodes>
      <leafValues>
        -2.6211065053939819e-01 2.2461925446987152e-01</leafValues></_>
    <_>
      <internalNodes>
        0 -1 8984 6.3762906938791275e-04</internalNodes>
      <leafValues>
        5.8943092823028564e-02 -8.8975048065185547e-01</leafValues></_>
    <_>
      <internalNodes>
        0 -1 603836 -6.9454409182071686e-02</internalNodes>
      <leafValues>
        3.3851912617683411e-01 -1.6484531760215759e-01</leafValues></_>
    <_>
      <internalNodes>
        0 -1 1175716 -9.3220511917024851e-04</internalNodes>
      <leafValues>
        5.8471792936325073e-01 -1.0113047808408737e-01</leafValues></_>
    <_>
      <internalNodes>
        0 -1 932543 1.5807906165719032e-02</internalNodes>
      <leafValues>
        -1.4475171267986298e-01 3.9872530102729797e-01</leafValues></_>
    <_>
      <internalNodes>
        0 -1 1022563 -1.9482627976685762e-04</internalNodes>
      <leafValues>
        3.4034749865531921e-01 -1.7571634054183960e-01</leafValues></_>
    <_>
      <internalNodes>
        0 -1 1027636 -3.2103102421388030e-04</internalNodes>
      <leafValues>
        -3.7781020998954773e-01 1.6253033280372620e-01</leafValues></_>
    <_>
      <internalNodes>
        0 -1 277352 3.9733247831463814e-03</internalNodes>
      <leafValues>
        -5.8114301413297653e-02 8.5798573493957520e-01</leafValues></_>
    <_>
      <internalNodes>
        0 -1 1094141 -9.5372472424060106e-04</internalNodes>
      <leafValues>
        2.3783233761787415e-01 -2.8326752781867981e-01</leafValues></_>
    <_>
      <internalNodes>
        0 -1 1011739 6.2161106616258621e-03</internalNodes>
      <leafValues>
        -1.6155259311199188e-01 4.1659492254257202e-01</leafValues></_>
    <_>
      <internalNodes>
        0 -1 830600 -1.4204082544893026e-03</internalNodes>
      <leafValues>
        -4.4476771354675293e-01 1.5554565191268921e-01</leafValues></_>
    <_>
      <internalNodes>
        0 -1 414059 3.7536472518695518e-05</internalNodes>
      <leafValues>
        -2.2007995843887329e-01 2.9730033874511719e-01</leafValues></_>
    <_>
      <internalNodes>
        0 -1 1121213 7.4836559360846877e-04</internalNodes>
      <leafValues>
        -2.6181030273437500e-01 2.3048053681850433e-01</leafValues></_>
    <_>
      <internalNodes>
        0 -1 813943 1.2656348990276456e-03</internalNodes>
      <leafValues>
        -1.9903311133384705e-01 3.1483632326126099e-01</leafValues></_>
    <_>
      <internalNodes>
        0 -1 921379 1.1618596035987139e-03</internalNodes>
      <leafValues>
        -1.5378120541572571e-01 4.2176142334938049e-01</leafValues></_></weakClassifiers></stage16>
</opencv_storage>
