<?xml version="1.0"?>
<opencv_storage>
<stage15>
  <maxWeakCount>20</maxWeakCount>
  <stageThreshold>-1.2012162208557129e+00</stageThreshold>
  <weakClassifiers>
    <_>
      <internalNodes>
        0 -1 858452 6.3489405438303947e-03</internalNodes>
      <leafValues>
        -5.3006994724273682e-01 8.8888889551162720e-01</leafValues></_>
    <_>
      <internalNodes>
        0 -1 941253 -2.7270202990621328e-03</internalNodes>
      <leafValues>
        -9.2693519592285156e-01 7.4092987924814224e-03</leafValues></_>
    <_>
      <internalNodes>
        0 -1 751490 -3.3560856245458126e-03</internalNodes>
      <leafValues>
        -8.4560370445251465e-01 8.2189410924911499e-02</leafValues></_>
    <_>
      <internalNodes>
        0 -1 1027625 4.8721814528107643e-04</internalNodes>
      <leafValues>
        -1.0108748823404312e-01 5.9787160158157349e-01</leafValues></_>
    <_>
      <internalNodes>
        0 -1 711877 1.8670267891138792e-03</internalNodes>
      <leafValues>
        1.8341347575187683e-01 -3.9304435253143311e-01</leafValues></_>
    <_>
      <internalNodes>
        0 -1 148759 1.5279778745025396e-03</internalNodes>
      <leafValues>
        6.6389143466949463e-02 -5.6327414512634277e-01</leafValues></_>
    <_>
      <internalNodes>
        0 -1 1131167 -7.1678534150123596e-03</internalNodes>
      <leafValues>
        -6.2550503015518188e-01 1.0247147083282471e-01</leafValues></_>
    <_>
      <internalNodes>
        0 -1 629791 1.4561892021447420e-03</internalNodes>
      <leafValues>
        -1.1979732662439346e-01 5.2484327554702759e-01</leafValues></_>
    <_>
      <internalNodes>
        0 -1 1237746 2.4285256862640381e-02</internalNodes>
      <leafValues>
        7.4131026864051819e-02 -8.0110293626785278e-01</leafValues></_>
    <_>
      <internalNodes>
        0 -1 1044864 -4.4769502710551023e-04</internalNodes>
      <leafValues>
        2.6247319579124451e-01 -2.1901977062225342e-01</leafValues></_>
    <_>
      <internalNodes>
        0 -1 1164208 4.0129738044925034e-04</internalNodes>
      <leafValues>
        -2.2457641363143921e-01 2.3681482672691345e-01</leafValues></_>
    <_>
      <internalNodes>
        0 -1 664821 -2.4810496717691422e-02</internalNodes>
      <leafValues>
        -4.1301679611206055e-01 1.3945010304450989e-01</leafValues></_>
    <_>
      <internalNodes>
        0 -1 861893 1.0043958354799543e-05</internalNodes>
      <leafValues>
        2.0111837983131409e-01 -2.8546944260597229e-01</leafValues></_>
    <_>
      <internalNodes>
        0 -1 1131958 6.8256193771958351e-03</internalNodes>
      <leafValues>
        1.3479775190353394e-01 -4.0636971592903137e-01</leafValues></_>
    <_>
      <internalNodes>
        0 -1 1069106 4.1946861892938614e-03</internalNodes>
      <leafValues>
        -1.8428130447864532e-01 3.1429299712181091e-01</leafValues></_>
    <_>
      <internalNodes>
        0 -1 329270 1.5398806426674128e-03</internalNodes>
      <leafValues>
        -1.8116322159767151e-01 3.2620713114738464e-01</leafValues></_>
    <_>
      <internalNodes>
        0 -1 265722 1.0001342743635178e-03</internalNodes>
      <leafValues>
        7.8228287398815155e-02 -7.7872645854949951e-01</leafValues></_>
    <_>
      <internalNodes>
        0 -1 534781 2.4402313865721226e-03</internalNodes>
      <leafValues>
        -1.4059263467788696e-01 4.3118870258331299e-01</leafValues></_>
    <_>
      <internalNodes>
        0 -1 291215 9.4349533319473267e-03</internalNodes>
      <leafValues>
        7.7989228069782257e-02 -8.6971485614776611e-01</leafValues></_>
    <_>
      <internalNodes>
        0 -1 680614 3.9663990028202534e-03</internalNodes>
      <leafValues>
        8.7226845324039459e-02 -5.8854115009307861e-01</leafValues></_></weakClassifiers></stage15>
</opencv_storage>
