<?xml version="1.0"?>
<opencv_storage>
<stage14>
  <maxWeakCount>13</maxWeakCount>
  <stageThreshold>-1.1953589916229248e+00</stageThreshold>
  <weakClassifiers>
    <_>
      <internalNodes>
        0 -1 615432 -1.9812483340501785e-02</internalNodes>
      <leafValues>
        -5.4154729843139648e-01 4.2857143282890320e-01</leafValues></_>
    <_>
      <internalNodes>
        0 -1 1041658 -8.0959741026163101e-03</internalNodes>
      <leafValues>
        -8.0735200643539429e-01 2.0672498270869255e-02</leafValues></_>
    <_>
      <internalNodes>
        0 -1 1194928 4.5243706554174423e-03</internalNodes>
      <leafValues>
        1.5278096497058868e-01 -4.4806382060050964e-01</leafValues></_>
    <_>
      <internalNodes>
        0 -1 169984 4.7464929521083832e-03</internalNodes>
      <leafValues>
        -1.4161856472492218e-01 4.5322313904762268e-01</leafValues></_>
    <_>
      <internalNodes>
        0 -1 338814 -5.1616528071463108e-03</internalNodes>
      <leafValues>
        7.8464913368225098e-01 -8.7373651564121246e-02</leafValues></_>
    <_>
      <internalNodes>
        0 -1 178869 1.0238913819193840e-03</internalNodes>
      <leafValues>
        -1.4440052211284637e-01 4.0815854072570801e-01</leafValues></_>
    <_>
      <internalNodes>
        0 -1 1088857 2.5123331579379737e-04</internalNodes>
      <leafValues>
        -1.7369401454925537e-01 3.9440363645553589e-01</leafValues></_>
    <_>
      <internalNodes>
        0 -1 1187029 1.2834947556257248e-03</internalNodes>
      <leafValues>
        1.1615659296512604e-01 -7.4292290210723877e-01</leafValues></_>
    <_>
      <internalNodes>
        0 -1 785267 1.5794322825968266e-03</internalNodes>
      <leafValues>
        -1.7887866497039795e-01 4.1328710317611694e-01</leafValues></_>
    <_>
      <internalNodes>
        0 -1 821095 3.3210688270628452e-03</internalNodes>
      <leafValues>
        -1.2536507844924927e-01 4.9555408954620361e-01</leafValues></_>
    <_>
      <internalNodes>
        0 -1 822858 1.1806890368461609e-02</internalNodes>
      <leafValues>
        -8.1078901886940002e-02 7.4403268098831177e-01</leafValues></_>
    <_>
      <internalNodes>
        0 -1 881931 1.4529499225318432e-02</internalNodes>
      <leafValues>
        8.0345734953880310e-02 -9.7520679235458374e-01</leafValues></_>
    <_>
      <internalNodes>
        0 -1 570505 4.7054520109668374e-04</internalNodes>
      <leafValues>
        -2.0239731669425964e-01 3.5932424664497375e-01</leafValues></_></weakClassifiers></stage14>
</opencv_storage>
