<?xml version="1.0"?>
<opencv_storage>
<stage12>
  <maxWeakCount>12</maxWeakCount>
  <stageThreshold>-1.2109750509262085e+00</stageThreshold>
  <weakClassifiers>
    <_>
      <internalNodes>
        0 -1 1024684 7.5541262049227953e-04</internalNodes>
      <leafValues>
        -5.7142859697341919e-01 3.4426230192184448e-01</leafValues></_>
    <_>
      <internalNodes>
        0 -1 1009847 4.8281522467732430e-03</internalNodes>
      <leafValues>
        -2.0253089070320129e-01 5.9172505140304565e-01</leafValues></_>
    <_>
      <internalNodes>
        0 -1 970069 -1.8964068591594696e-01</internalNodes>
      <leafValues>
        1.2380821257829666e-01 -7.4870985746383667e-01</leafValues></_>
    <_>
      <internalNodes>
        0 -1 900046 1.3184724957682192e-04</internalNodes>
      <leafValues>
        -2.2138100862503052e-01 4.1281571984291077e-01</leafValues></_>
    <_>
      <internalNodes>
        0 -1 774022 -6.8117305636405945e-02</internalNodes>
      <leafValues>
        -4.9592939019203186e-01 2.1047410368919373e-01</leafValues></_>
    <_>
      <internalNodes>
        0 -1 632009 1.9846040231641382e-04</internalNodes>
      <leafValues>
        -2.0612779259681702e-01 4.6017357707023621e-01</leafValues></_>
    <_>
      <internalNodes>
        0 -1 1163213 -1.5745963901281357e-04</internalNodes>
      <leafValues>
        6.2126380205154419e-01 -1.2632934749126434e-01</leafValues></_>
    <_>
      <internalNodes>
        0 -1 1025115 4.6824049786664546e-04</internalNodes>
      <leafValues>
        -1.9526512920856476e-01 4.2123782634735107e-01</leafValues></_>
    <_>
      <internalNodes>
        0 -1 60892 -3.9237103192135692e-04</internalNodes>
      <leafValues>
        3.9939239621162415e-01 -1.9383524358272552e-01</leafValues></_>
    <_>
      <internalNodes>
        0 -1 503257 -1.1854293942451477e-01</internalNodes>
      <leafValues>
        -9.1106253862380981e-01 9.6094213426113129e-02</leafValues></_>
    <_>
      <internalNodes>
        0 -1 152240 -2.4183887988328934e-02</internalNodes>
      <leafValues>
        5.3516459465026855e-01 -1.9735351204872131e-01</leafValues></_>
    <_>
      <internalNodes>
        0 -1 1193466 1.7529097385704517e-03</internalNodes>
      <leafValues>
        -1.0173321515321732e-01 7.5016111135482788e-01</leafValues></_></weakClassifiers></stage12>
</opencv_storage>
