<?xml version="1.0"?>
<opencv_storage>
<stage7>
  <maxWeakCount>9</maxWeakCount>
  <stageThreshold>-1.1136946678161621e+00</stageThreshold>
  <weakClassifiers>
    <_>
      <internalNodes>
        0 -1 33884 -4.7701388597488403e-02</internalNodes>
      <leafValues>
        4.8837208747863770e-01 -5.5652171373367310e-01</leafValues></_>
    <_>
      <internalNodes>
        0 -1 29215 1.1501540429890156e-03</internalNodes>
      <leafValues>
        9.4075947999954224e-02 -7.0034605264663696e-01</leafValues></_>
    <_>
      <internalNodes>
        0 -1 24710 -2.3870079312473536e-03</internalNodes>
      <leafValues>
        -7.3749697208404541e-01 1.2095031887292862e-01</leafValues></_>
    <_>
      <internalNodes>
        0 -1 1210719 -1.5054250252433121e-04</internalNodes>
      <leafValues>
        -6.5571981668472290e-01 1.5091013908386230e-01</leafValues></_>
    <_>
      <internalNodes>
        0 -1 790884 -1.9261891429778188e-04</internalNodes>
      <leafValues>
        -6.6448444128036499e-01 1.6094455122947693e-01</leafValues></_>
    <_>
      <internalNodes>
        0 -1 1235169 -3.0310940928757191e-04</internalNodes>
      <leafValues>
        -6.4101147651672363e-01 1.5189057588577271e-01</leafValues></_>
    <_>
      <internalNodes>
        0 -1 1222670 -2.7753465110436082e-04</internalNodes>
      <leafValues>
        -7.8553688526153564e-01 1.1536792665719986e-01</leafValues></_>
    <_>
      <internalNodes>
        0 -1 35104 -4.1129013895988464e-01</internalNodes>
      <leafValues>
        2.3374471068382263e-01 -4.5595893263816833e-01</leafValues></_>
    <_>
      <internalNodes>
        0 -1 790983 -9.7593711689114571e-04</internalNodes>
      <leafValues>
        -7.2660988569259644e-01 1.2888772785663605e-01</leafValues></_></weakClassifiers></stage7>
</opencv_storage>
