<?xml version="1.0"?>
<opencv_storage>
<stage6>
  <maxWeakCount>7</maxWeakCount>
  <stageThreshold>-1.4101960659027100e+00</stageThreshold>
  <weakClassifiers>
    <_>
      <internalNodes>
        0 -1 284919 9.8354518413543701e-02</internalNodes>
      <leafValues>
        -5.9259259700775146e-01 2.4705882370471954e-01</leafValues></_>
    <_>
      <internalNodes>
        0 -1 672767 1.2955178972333670e-03</internalNodes>
      <leafValues>
        7.2377085685729980e-02 -8.9406424760818481e-01</leafValues></_>
    <_>
      <internalNodes>
        0 -1 285037 1.5974433626979589e-03</internalNodes>
      <leafValues>
        9.1795578598976135e-02 -9.3439167737960815e-01</leafValues></_>
    <_>
      <internalNodes>
        0 -1 338958 -2.6525597786530852e-04</internalNodes>
      <leafValues>
        -7.2667896747589111e-01 1.7459125816822052e-01</leafValues></_>
    <_>
      <internalNodes>
        0 -1 365300 -1.8277899362146854e-03</internalNodes>
      <leafValues>
        -8.0479156970977783e-01 1.0900368541479111e-01</leafValues></_>
    <_>
      <internalNodes>
        0 -1 1161350 -2.4058939015958458e-04</internalNodes>
      <leafValues>
        -7.5012820959091187e-01 1.5984514355659485e-01</leafValues></_>
    <_>
      <internalNodes>
        0 -1 795377 -1.0392589494585991e-02</internalNodes>
      <leafValues>
        2.4083189666271210e-01 -5.1524293422698975e-01</leafValues></_></weakClassifiers></stage6>
</opencv_storage>
