<?xml version="1.0"?>
<opencv_storage>
<stage4>
  <maxWeakCount>11</maxWeakCount>
  <stageThreshold>-1.0964189767837524e+00</stageThreshold>
  <weakClassifiers>
    <_>
      <internalNodes>
        0 -1 180 -3.4381918609142303e-02</internalNodes>
      <leafValues>
        -2.8504672646522522e-01 -7.9016393423080444e-01</leafValues></_>
    <_>
      <internalNodes>
        0 -1 963161 -2.8598900884389877e-02</internalNodes>
      <leafValues>
        1.9083528220653534e-01 -4.0517434477806091e-01</leafValues></_>
    <_>
      <internalNodes>
        0 -1 1036695 2.7927225455641747e-03</internalNodes>
      <leafValues>
        -1.4386290311813354e-01 6.4857715368270874e-01</leafValues></_>
    <_>
      <internalNodes>
        0 -1 538790 -2.2180061787366867e-02</internalNodes>
      <leafValues>
        -5.3741109371185303e-01 1.6273269057273865e-01</leafValues></_>
    <_>
      <internalNodes>
        0 -1 798680 -7.7537028118968010e-04</internalNodes>
      <leafValues>
        4.6103343367576599e-01 -1.5923865139484406e-01</leafValues></_>
    <_>
      <internalNodes>
        0 -1 800376 2.1460084244608879e-03</internalNodes>
      <leafValues>
        -1.7255470156669617e-01 5.2083688974380493e-01</leafValues></_>
    <_>
      <internalNodes>
        0 -1 1192924 -2.3848756682127714e-03</internalNodes>
      <leafValues>
        7.1400064229965210e-01 -1.2483613193035126e-01</leafValues></_>
    <_>
      <internalNodes>
        0 -1 625712 5.7726293802261353e-02</internalNodes>
      <leafValues>
        -1.8620233237743378e-01 4.7844031453132629e-01</leafValues></_>
    <_>
      <internalNodes>
        0 -1 594147 3.3775405026972294e-03</internalNodes>
      <leafValues>
        2.2745141386985779e-01 -4.2328804731369019e-01</leafValues></_>
    <_>
      <internalNodes>
        0 -1 583792 -4.0563690708950162e-04</internalNodes>
      <leafValues>
        3.8682416081428528e-01 -2.8930643200874329e-01</leafValues></_>
    <_>
      <internalNodes>
        0 -1 802076 1.9925368542317301e-04</internalNodes>
      <leafValues>
        -2.5610473752021790e-01 3.3409959077835083e-01</leafValues></_></weakClassifiers></stage4>
</opencv_storage>
