<?xml version="1.0"?>
<opencv_storage>
<stage9>
  <maxWeakCount>16</maxWeakCount>
  <stageThreshold>-1.2312688827514648e+00</stageThreshold>
  <weakClassifiers>
    <_>
      <internalNodes>
        0 -1 826371 -8.2480337005108595e-04</internalNodes>
      <leafValues>
        -5.5813956260681152e-01 4.6666666865348816e-01</leafValues></_>
    <_>
      <internalNodes>
        0 -1 679052 5.7162512093782425e-03</internalNodes>
      <leafValues>
        -1.9184362888336182e-01 6.1072123050689697e-01</leafValues></_>
    <_>
      <internalNodes>
        0 -1 405531 5.4512982023879886e-04</internalNodes>
      <leafValues>
        1.6841167211532593e-01 -5.4522889852523804e-01</leafValues></_>
    <_>
      <internalNodes>
        0 -1 496343 2.4564331397414207e-03</internalNodes>
      <leafValues>
        1.2194313853979111e-01 -6.1007577180862427e-01</leafValues></_>
    <_>
      <internalNodes>
        0 -1 1161981 -8.9564063819125295e-04</internalNodes>
      <leafValues>
        -6.9097775220870972e-01 1.0845422744750977e-01</leafValues></_>
    <_>
      <internalNodes>
        0 -1 583647 1.9338212441653013e-03</internalNodes>
      <leafValues>
        -2.3530942201614380e-01 3.0421248078346252e-01</leafValues></_>
    <_>
      <internalNodes>
        0 -1 24702 1.6604471020400524e-03</internalNodes>
      <leafValues>
        1.1174785345792770e-01 -7.0671033859252930e-01</leafValues></_>
    <_>
      <internalNodes>
        0 -1 864133 -4.6348548494279385e-04</internalNodes>
      <leafValues>
        -7.7371937036514282e-01 7.6051056385040283e-02</leafValues></_>
    <_>
      <internalNodes>
        0 -1 100616 -6.4730226993560791e-02</internalNodes>
      <leafValues>
        -8.5080802440643311e-01 6.4622394740581512e-02</leafValues></_>
    <_>
      <internalNodes>
        0 -1 107057 -3.3573213964700699e-02</internalNodes>
      <leafValues>
        3.3243718743324280e-01 -2.7012884616851807e-01</leafValues></_>
    <_>
      <internalNodes>
        0 -1 662307 2.6940280571579933e-02</internalNodes>
      <leafValues>
        -1.4474987983703613e-01 4.8995181918144226e-01</leafValues></_>
    <_>
      <internalNodes>
        0 -1 1036697 3.0220770277082920e-03</internalNodes>
      <leafValues>
        -1.0970577597618103e-01 6.1556476354598999e-01</leafValues></_>
    <_>
      <internalNodes>
        0 -1 465129 -2.1271739387884736e-04</internalNodes>
      <leafValues>
        2.6090809702873230e-01 -2.9348197579383850e-01</leafValues></_>
    <_>
      <internalNodes>
        0 -1 456512 -1.8674178863875568e-04</internalNodes>
      <leafValues>
        2.4409845471382141e-01 -2.9655450582504272e-01</leafValues></_>
    <_>
      <internalNodes>
        0 -1 487309 -2.7799716917797923e-04</internalNodes>
      <leafValues>
        -5.3546297550201416e-01 1.4511744678020477e-01</leafValues></_>
    <_>
      <internalNodes>
        0 -1 59541 -2.6783640350913629e-05</internalNodes>
      <leafValues>
        2.6230892539024353e-01 -2.8994622826576233e-01</leafValues></_></weakClassifiers></stage9>
</opencv_storage>
