<?xml version="1.0"?>
<opencv_storage>
<stage1>
  <maxWeakCount>9</maxWeakCount>
  <stageThreshold>-1.0275868177413940e+00</stageThreshold>
  <weakClassifiers>
    <_>
      <internalNodes>
        0 -1 679054 5.9084622189402580e-03</internalNodes>
      <leafValues>
        -5.5263155698776245e-01 4.7692307829856873e-01</leafValues></_>
    <_>
      <internalNodes>
        0 -1 52522 -9.8768457770347595e-02</internalNodes>
      <leafValues>
        -5.6816864013671875e-01 2.5932806730270386e-01</leafValues></_>
    <_>
      <internalNodes>
        0 -1 1216886 -1.4000419760122895e-03</internalNodes>
      <leafValues>
        5.3252291679382324e-01 -2.4923817813396454e-01</leafValues></_>
    <_>
      <internalNodes>
        0 -1 692865 -1.6110864817164838e-04</internalNodes>
      <leafValues>
        3.9162424206733704e-01 -2.5256887078285217e-01</leafValues></_>
    <_>
      <internalNodes>
        0 -1 525262 -3.5603411961346865e-03</internalNodes>
      <leafValues>
        5.5587160587310791e-01 -1.8511846661567688e-01</leafValues></_>
    <_>
      <internalNodes>
        0 -1 1075253 -3.3907955512404442e-03</internalNodes>
      <leafValues>
        7.3126500844955444e-01 -1.0205917060375214e-01</leafValues></_>
    <_>
      <internalNodes>
        0 -1 1162374 -2.5876337662339211e-02</internalNodes>
      <leafValues>
        -7.0444953441619873e-01 1.7926044762134552e-01</leafValues></_>
    <_>
      <internalNodes>
        0 -1 220144 1.0872511193156242e-03</internalNodes>
      <leafValues>
        -2.6656383275985718e-01 4.2137685418128967e-01</leafValues></_>
    <_>
      <internalNodes>
        0 -1 695162 -3.7573993206024170e-02</internalNodes>
      <leafValues>
        1.4200477302074432e-01 -8.6248612403869629e-01</leafValues></_></weakClassifiers></stage1>
</opencv_storage>
