<?xml version="1.0"?>
<opencv_storage>
<stage5>
  <maxWeakCount>7</maxWeakCount>
  <stageThreshold>-1.0953897237777710e+00</stageThreshold>
  <weakClassifiers>
    <_>
      <internalNodes>
        0 -1 395965 -1.3901268132030964e-02</internalNodes>
      <leafValues>
        -9.3117408454418182e-02 -6.9958847761154175e-01</leafValues></_>
    <_>
      <internalNodes>
        0 -1 253187 -9.1626830399036407e-03</internalNodes>
      <leafValues>
        8.6960323154926300e-02 -6.0806292295455933e-01</leafValues></_>
    <_>
      <internalNodes>
        0 -1 461726 -3.1268065795302391e-03</internalNodes>
      <leafValues>
        -7.1644580364227295e-01 1.2046097218990326e-01</leafValues></_>
    <_>
      <internalNodes>
        0 -1 406476 -1.6935023013502359e-03</internalNodes>
      <leafValues>
        -6.4418989419937134e-01 1.2053918093442917e-01</leafValues></_>
    <_>
      <internalNodes>
        0 -1 551471 -4.1644671000540257e-04</internalNodes>
      <leafValues>
        -3.6994743347167969e-01 2.0348766446113586e-01</leafValues></_>
    <_>
      <internalNodes>
        0 -1 1001131 1.7166457837447524e-04</internalNodes>
      <leafValues>
        -2.8849366307258606e-01 2.6371052861213684e-01</leafValues></_>
    <_>
      <internalNodes>
        0 -1 496408 -1.6916061937808990e-01</internalNodes>
      <leafValues>
        7.7498428523540497e-02 -9.4448393583297729e-01</leafValues></_></weakClassifiers></stage5>
</opencv_storage>
