<?xml version="1.0"?>
<opencv_storage>
<stage13>
  <maxWeakCount>17</maxWeakCount>
  <stageThreshold>-1.2061343193054199e+00</stageThreshold>
  <weakClassifiers>
    <_>
      <internalNodes>
        0 -1 534783 1.5757537912577391e-03</internalNodes>
      <leafValues>
        -5.2433937788009644e-01 1.</leafValues></_>
    <_>
      <internalNodes>
        0 -1 769337 -1.3835647143423557e-02</internalNodes>
      <leafValues>
        -1. 1.9867138937115669e-02</leafValues></_>
    <_>
      <internalNodes>
        0 -1 701514 -7.1779228746891022e-02</internalNodes>
      <leafValues>
        2.2595083713531494e-01 -3.2077971100807190e-01</leafValues></_>
    <_>
      <internalNodes>
        0 -1 952048 -9.0257832780480385e-03</internalNodes>
      <leafValues>
        5.1647299528121948e-01 -1.2956042587757111e-01</leafValues></_>
    <_>
      <internalNodes>
        0 -1 1215046 2.2645309218205512e-04</internalNodes>
      <leafValues>
        -2.5198376178741455e-01 2.8476074337959290e-01</leafValues></_>
    <_>
      <internalNodes>
        0 -1 1120086 -2.8185237897560000e-04</internalNodes>
      <leafValues>
        2.8312966227531433e-01 -2.4159030616283417e-01</leafValues></_>
    <_>
      <internalNodes>
        0 -1 564884 5.9023697394877672e-04</internalNodes>
      <leafValues>
        -2.1122552454471588e-01 3.4877365827560425e-01</leafValues></_>
    <_>
      <internalNodes>
        0 -1 757533 -3.4177703782916069e-03</internalNodes>
      <leafValues>
        4.8926585912704468e-01 -9.8498523235321045e-02</leafValues></_>
    <_>
      <internalNodes>
        0 -1 1066144 -4.3306878069415689e-04</internalNodes>
      <leafValues>
        3.2543414831161499e-01 -1.9836683571338654e-01</leafValues></_>
    <_>
      <internalNodes>
        0 -1 774806 3.2001707586459816e-04</internalNodes>
      <leafValues>
        -2.2427929937839508e-01 3.1218913197517395e-01</leafValues></_>
    <_>
      <internalNodes>
        0 -1 459932 7.1450986433774233e-04</internalNodes>
      <leafValues>
        1.2549988925457001e-01 -5.3230857849121094e-01</leafValues></_>
    <_>
      <internalNodes>
        0 -1 1151873 2.9626945615746081e-04</internalNodes>
      <leafValues>
        -2.0310693979263306e-01 3.2681810855865479e-01</leafValues></_>
    <_>
      <internalNodes>
        0 -1 1128526 -9.0861367061734200e-03</internalNodes>
      <leafValues>
        -6.9965881109237671e-01 1.0725413262844086e-01</leafValues></_>
    <_>
      <internalNodes>
        0 -1 1144188 2.4272170849144459e-03</internalNodes>
      <leafValues>
        -1.5078124403953552e-01 5.9183281660079956e-01</leafValues></_>
    <_>
      <internalNodes>
        0 -1 235348 4.1860844939947128e-03</internalNodes>
      <leafValues>
        1.2728986144065857e-01 -6.4849227666854858e-01</leafValues></_>
    <_>
      <internalNodes>
        0 -1 747309 -1.0424895444884896e-03</internalNodes>
      <leafValues>
        3.3541408181190491e-01 -2.0609326660633087e-01</leafValues></_>
    <_>
      <internalNodes>
        0 -1 1168824 1.4142690924927592e-03</internalNodes>
      <leafValues>
        -1.7315854132175446e-01 4.1396537423133850e-01</leafValues></_></weakClassifiers></stage13>
</opencv_storage>
