<?xml version="1.0"?>
<opencv_storage>
<stage18>
  <maxWeakCount>14</maxWeakCount>
  <stageThreshold>-1.0953063964843750e+00</stageThreshold>
  <weakClassifiers>
    <_>
      <internalNodes>
        0 -1 1029511 -7.3004411533474922e-03</internalNodes>
      <leafValues>
        5.0000000000000000e-01 -5.3475177288055420e-01</leafValues></_>
    <_>
      <internalNodes>
        0 -1 58992 -3.3186355722136796e-04</internalNodes>
      <leafValues>
        1.9211544096469879e-01 -2.8009966015815735e-01</leafValues></_>
    <_>
      <internalNodes>
        0 -1 1218265 -3.3335601910948753e-03</internalNodes>
      <leafValues>
        1.7195919156074524e-01 -3.4874403476715088e-01</leafValues></_>
    <_>
      <internalNodes>
        0 -1 715898 -3.1431377283297479e-04</internalNodes>
      <leafValues>
        -5.2103769779205322e-01 1.0661849379539490e-01</leafValues></_>
    <_>
      <internalNodes>
        0 -1 709475 5.3017184836789966e-04</internalNodes>
      <leafValues>
        -8.9067898690700531e-02 5.3064906597137451e-01</leafValues></_>
    <_>
      <internalNodes>
        0 -1 1144157 3.5415713209658861e-03</internalNodes>
      <leafValues>
        -9.0079434216022491e-02 6.4465373754501343e-01</leafValues></_>
    <_>
      <internalNodes>
        0 -1 1067344 3.8279633736237884e-04</internalNodes>
      <leafValues>
        -2.0294372737407684e-01 2.8623560070991516e-01</leafValues></_>
    <_>
      <internalNodes>
        0 -1 1162156 -3.4474302083253860e-04</internalNodes>
      <leafValues>
        2.9968178272247314e-01 -1.9699461758136749e-01</leafValues></_>
    <_>
      <internalNodes>
        0 -1 1149913 3.6171665415167809e-03</internalNodes>
      <leafValues>
        -1.2472156435251236e-01 4.9439278244972229e-01</leafValues></_>
    <_>
      <internalNodes>
        0 -1 972914 3.7815927062183619e-03</internalNodes>
      <leafValues>
        -9.1941677033901215e-02 6.7495894432067871e-01</leafValues></_>
    <_>
      <internalNodes>
        0 -1 1109963 -6.2029501423239708e-03</internalNodes>
      <leafValues>
        -6.6342186927795410e-01 1.0763213783502579e-01</leafValues></_>
    <_>
      <internalNodes>
        0 -1 1114498 -6.7443978041410446e-03</internalNodes>
      <leafValues>
        4.2656549811363220e-01 -1.6141408681869507e-01</leafValues></_>
    <_>
      <internalNodes>
        0 -1 1237278 -4.2596780695021152e-03</internalNodes>
      <leafValues>
        6.8587017059326172e-01 -9.8854102194309235e-02</leafValues></_>
    <_>
      <internalNodes>
        0 -1 1203472 1.7720938194543123e-04</internalNodes>
      <leafValues>
        1.3279069960117340e-01 -5.7953917980194092e-01</leafValues></_></weakClassifiers></stage18>
</opencv_storage>
