<?xml version="1.0"?>
<opencv_storage>
<stage3>
  <maxWeakCount>10</maxWeakCount>
  <stageThreshold>-1.1312334537506104e+00</stageThreshold>
  <weakClassifiers>
    <_>
      <internalNodes>
        0 -1 1153840 2.7694017626345158e-03</internalNodes>
      <leafValues>
        -5.8103972673416138e-01 2.1518987417221069e-01</leafValues></_>
    <_>
      <internalNodes>
        0 -1 1043318 -1.4742185175418854e-01</internalNodes>
      <leafValues>
        -5.8802372217178345e-01 1.4971441030502319e-01</leafValues></_>
    <_>
      <internalNodes>
        0 -1 19686 1.2899448629468679e-03</internalNodes>
      <leafValues>
        -2.4170997738838196e-01 5.0157308578491211e-01</leafValues></_>
    <_>
      <internalNodes>
        0 -1 59013 1.2421893188729882e-04</internalNodes>
      <leafValues>
        -3.2159161567687988e-01 3.3675065636634827e-01</leafValues></_>
    <_>
      <internalNodes>
        0 -1 1184345 -3.1034443527460098e-03</internalNodes>
      <leafValues>
        7.6169914007186890e-01 -1.1121036112308502e-01</leafValues></_>
    <_>
      <internalNodes>
        0 -1 537214 -1.2554942804854363e-04</internalNodes>
      <leafValues>
        4.0054947137832642e-01 -2.4309022724628448e-01</leafValues></_>
    <_>
      <internalNodes>
        0 -1 893562 -1.1896813521161675e-04</internalNodes>
      <leafValues>
        5.0743293762207031e-01 -1.9330604374408722e-01</leafValues></_>
    <_>
      <internalNodes>
        0 -1 816148 -2.7883355505764484e-03</internalNodes>
      <leafValues>
        3.9978340268135071e-01 -2.5883302092552185e-01</leafValues></_>
    <_>
      <internalNodes>
        0 -1 761106 3.8209268823266029e-03</internalNodes>
      <leafValues>
        -1.4451044797897339e-01 7.2679668664932251e-01</leafValues></_>
    <_>
      <internalNodes>
        0 -1 499974 -1.6848821192979813e-02</internalNodes>
      <leafValues>
        -6.7057162523269653e-01 1.9300048053264618e-01</leafValues></_></weakClassifiers></stage3>
</opencv_storage>
