<?xml version="1.0"?>
<opencv_storage>
<stage0>
  <maxWeakCount>11</maxWeakCount>
  <stageThreshold>-1.3016066551208496e+00</stageThreshold>
  <weakClassifiers>
    <_>
      <internalNodes>
        0 -1 364919 -1.2363621965050697e-02</internalNodes>
      <leafValues>
        1.9444444775581360e-01 -6.1983472108840942e-01</leafValues></_>
    <_>
      <internalNodes>
        0 -1 1122616 -1.3969466090202332e-03</internalNodes>
      <leafValues>
        5.0388389825820923e-01 -2.5959005951881409e-01</leafValues></_>
    <_>
      <internalNodes>
        0 -1 1029602 -6.5842894837260246e-03</internalNodes>
      <leafValues>
        6.2467330694198608e-01 -1.5693402290344238e-01</leafValues></_>
    <_>
      <internalNodes>
        0 -1 668462 2.4810323491692543e-02</internalNodes>
      <leafValues>
        -2.1675662696361542e-01 5.3108382225036621e-01</leafValues></_>
    <_>
      <internalNodes>
        0 -1 908475 3.5603567084763199e-05</internalNodes>
      <leafValues>
        -2.5889158248901367e-01 4.3482691049575806e-01</leafValues></_>
    <_>
      <internalNodes>
        0 -1 1229857 -4.2260624468326569e-03</internalNodes>
      <leafValues>
        -9.1505461931228638e-01 1.1243851482868195e-01</leafValues></_>
    <_>
      <internalNodes>
        0 -1 1168824 -3.0305618420243263e-03</internalNodes>
      <leafValues>
        7.6346611976623535e-01 -1.3238315284252167e-01</leafValues></_>
    <_>
      <internalNodes>
        0 -1 1168812 5.2884232718497515e-04</internalNodes>
      <leafValues>
        -2.4470624327659607e-01 4.4063642621040344e-01</leafValues></_>
    <_>
      <internalNodes>
        0 -1 903041 -4.5669842511415482e-03</internalNodes>
      <leafValues>
        7.0889341831207275e-01 -1.3595892488956451e-01</leafValues></_>
    <_>
      <internalNodes>
        0 -1 864665 -5.3946983825881034e-05</internalNodes>
      <leafValues>
        3.7145555019378662e-01 -2.6268166303634644e-01</leafValues></_>
    <_>
      <internalNodes>
        0 -1 1162827 -6.4457987900823355e-04</internalNodes>
      <leafValues>
        -6.9769662618637085e-01 1.7997334897518158e-01</leafValues></_></weakClassifiers></stage0>
</opencv_storage>
