<?xml version="1.0"?>
<opencv_storage>
<stage17>
  <maxWeakCount>19</maxWeakCount>
  <stageThreshold>-1.4304176568984985e+00</stageThreshold>
  <weakClassifiers>
    <_>
      <internalNodes>
        0 -1 1055880 5.0169667229056358e-03</internalNodes>
      <leafValues>
        -5.4913294315338135e-01 4.1463413834571838e-01</leafValues></_>
    <_>
      <internalNodes>
        0 -1 61027 4.8284535296261311e-03</internalNodes>
      <leafValues>
        -1.5485794842243195e-01 5.0896281003952026e-01</leafValues></_>
    <_>
      <internalNodes>
        0 -1 634091 2.5965217500925064e-03</internalNodes>
      <leafValues>
        8.4085278213024139e-02 -6.8606454133987427e-01</leafValues></_>
    <_>
      <internalNodes>
        0 -1 192310 -5.0340429879724979e-04</internalNodes>
      <leafValues>
        -5.9225803613662720e-01 1.3522431254386902e-01</leafValues></_>
    <_>
      <internalNodes>
        0 -1 940055 -5.2720461040735245e-02</internalNodes>
      <leafValues>
        4.9266612529754639e-01 -1.3743253052234650e-01</leafValues></_>
    <_>
      <internalNodes>
        0 -1 927177 -2.0892260596156120e-02</internalNodes>
      <leafValues>
        -2.2569864988327026e-01 3.3075329661369324e-01</leafValues></_>
    <_>
      <internalNodes>
        0 -1 781908 -1.1676810681819916e-02</internalNodes>
      <leafValues>
        1.9280689954757690e-01 -3.4374189376831055e-01</leafValues></_>
    <_>
      <internalNodes>
        0 -1 704510 1.5297263860702515e-02</internalNodes>
      <leafValues>
        -1.4564907550811768e-01 4.8214507102966309e-01</leafValues></_>
    <_>
      <internalNodes>
        0 -1 754266 -9.4194756820797920e-04</internalNodes>
      <leafValues>
        -3.5448300838470459e-01 2.0013986527919769e-01</leafValues></_>
    <_>
      <internalNodes>
        0 -1 385284 7.0379860699176788e-03</internalNodes>
      <leafValues>
        1.0403918474912643e-01 -5.9780657291412354e-01</leafValues></_>
    <_>
      <internalNodes>
        0 -1 137034 4.8135593533515930e-03</internalNodes>
      <leafValues>
        1.0615719109773636e-01 -5.4137802124023438e-01</leafValues></_>
    <_>
      <internalNodes>
        0 -1 830443 4.6250210143625736e-03</internalNodes>
      <leafValues>
        -1.3585239648818970e-01 5.0145518779754639e-01</leafValues></_>
    <_>
      <internalNodes>
        0 -1 954463 -6.6526886075735092e-04</internalNodes>
      <leafValues>
        -4.0072360634803772e-01 1.7603161931037903e-01</leafValues></_>
    <_>
      <internalNodes>
        0 -1 41170 -7.1130786091089249e-03</internalNodes>
      <leafValues>
        -9.4887666404247284e-02 7.2474956512451172e-01</leafValues></_>
    <_>
      <internalNodes>
        0 -1 1180985 -3.2706587808206677e-04</internalNodes>
      <leafValues>
        4.4079819321632385e-01 -1.3236518204212189e-01</leafValues></_>
    <_>
      <internalNodes>
        0 -1 448855 -5.1727613026741892e-05</internalNodes>
      <leafValues>
        2.5468608736991882e-01 -2.6761448383331299e-01</leafValues></_>
    <_>
      <internalNodes>
        0 -1 688268 -8.7991368491202593e-04</internalNodes>
      <leafValues>
        -3.4882235527038574e-01 2.0127770304679871e-01</leafValues></_>
    <_>
      <internalNodes>
        0 -1 360425 -1.7114078218583018e-04</internalNodes>
      <leafValues>
        4.0647745132446289e-01 -2.1229931712150574e-01</leafValues></_>
    <_>
      <internalNodes>
        0 -1 859793 -6.0354173183441162e-04</internalNodes>
      <leafValues>
        -1.4178681373596191e-01 5.3547841310501099e-01</leafValues></_></weakClassifiers></stage17>
</opencv_storage>
