<?xml version="1.0"?>
<opencv_storage>
<stage11>
  <maxWeakCount>9</maxWeakCount>
  <stageThreshold>-1.4138184785842896e+00</stageThreshold>
  <weakClassifiers>
    <_>
      <internalNodes>
        0 -1 46063 -2.8136216104030609e-02</internalNodes>
      <leafValues>
        -7.5438594818115234e-01 -1.8562874197959900e-01</leafValues></_>
    <_>
      <internalNodes>
        0 -1 1213475 -1.5183660434558988e-04</internalNodes>
      <leafValues>
        3.1597900390625000e-01 -3.3387947082519531e-01</leafValues></_>
    <_>
      <internalNodes>
        0 -1 59569 -3.3656615414656699e-04</internalNodes>
      <leafValues>
        3.6885741353034973e-01 -2.3780709505081177e-01</leafValues></_>
    <_>
      <internalNodes>
        0 -1 453956 -2.6546296430751681e-04</internalNodes>
      <leafValues>
        3.4181350469589233e-01 -2.4587284028530121e-01</leafValues></_>
    <_>
      <internalNodes>
        0 -1 429709 8.0933212302625179e-04</internalNodes>
      <leafValues>
        -2.4376995861530304e-01 3.6801528930664063e-01</leafValues></_>
    <_>
      <internalNodes>
        0 -1 668773 -5.9324122965335846e-02</internalNodes>
      <leafValues>
        -1.6824048757553101e-01 4.9175667762756348e-01</leafValues></_>
    <_>
      <internalNodes>
        0 -1 77946 4.6449502406176180e-05</internalNodes>
      <leafValues>
        -2.1077203750610352e-01 4.3697288632392883e-01</leafValues></_>
    <_>
      <internalNodes>
        0 -1 1069449 2.3833024897612631e-04</internalNodes>
      <leafValues>
        -2.2292204201221466e-01 4.1149893403053284e-01</leafValues></_>
    <_>
      <internalNodes>
        0 -1 1202649 -5.3548279538517818e-05</internalNodes>
      <leafValues>
        3.7036892771720886e-01 -2.5781235098838806e-01</leafValues></_></weakClassifiers></stage11>
</opencv_storage>
